{
  "##choices#cmd_key": "default", 
  "##choices#compile_type": "dynamic", 
  "##choices#compiler_description_uoa": "gcc-7.1.0-auto", 
  "##choices#compiler_flags#base_opt": "-O3", 
  "##choices#console": "", 
  "##choices#cpu_freq": "max", 
  "##choices#data_uoa": "image-classification-tflite-loadgen", 
  "##choices#dataset_file": "", 
  "##choices#device_id": "", 
  "##choices#env#CK_CPU_FREQUENCY": "max", 
  "##choices#env#CK_GPU_FREQUENCY": "max", 
  "##choices#env#CK_LOADGEN_BUFFER_SIZE": "500", 
  "##choices#env#CK_LOADGEN_CONF_FILE": "../user.conf", 
  "##choices#env#CK_LOADGEN_DATASET_SIZE": "50000", 
  "##choices#env#CK_LOADGEN_MAX_DURATION_S": 0, 
  "##choices#env#CK_LOADGEN_MODE": "AccuracyOnly", 
  "##choices#env#CK_LOADGEN_OFFLINE_EXPECTED_QPS": 0, 
  "##choices#env#CK_LOADGEN_SCENARIO": "SingleStream", 
  "##choices#env#CK_LOADGEN_SUPPORT": "YES", 
  "##choices#env#CK_LOADGEN_TRIGGER_COLD_RUN": "yes", 
  "##choices#env#CK_RESULTS_DIR": "predictions", 
  "##choices#env#CK_SKIP_IMAGES": 0, 
  "##choices#env#CK_VERBOSE": "2", 
  "##choices#gpu_freq": "max", 
  "##choices#host_os": "linux-64", 
  "##choices#module_uoa": "b0ac08fe1d3c2615", 
  "##choices#no_state_check": "yes", 
  "##choices#repeat": 1, 
  "##choices#skip_print_timers": "yes", 
  "##choices#target": "", 
  "##choices#target_os": "linux-64", 
  "##choices#target_os_bits": "64", 
  "##features#compiler_version#list@0": 7, 
  "##features#compiler_version#list@1": 4, 
  "##features#compiler_version#list@2": 0, 
  "##features#compiler_version#raw@0": "gcc-7 (Ubuntu/Linaro 7.4.0-1ubuntu1~16.04~ppa1) 7.4.0", 
  "##features#compiler_version#raw@1": "Copyright (C) 2017 Free Software Foundation, Inc.", 
  "##features#compiler_version#raw@2": "This is free software; see the source for copying conditions.  There is NO", 
  "##features#compiler_version#raw@3": "warranty; not even for MERCHANTABILITY or FITNESS FOR A PARTICULAR PURPOSE.", 
  "##features#compiler_version#raw@4": "", 
  "##features#compiler_version#raw@5": "", 
  "##features#compiler_version#str": "7.4.0", 
  "##features#number_of_selected_compiler_flags": 1, 
  "##features#platform#cpu#all_freqs#0@0": 408000, 
  "##features#platform#cpu#all_freqs#0@1": 600000, 
  "##features#platform#cpu#all_freqs#0@2": 816000, 
  "##features#platform#cpu#all_freqs#0@3": 1008000, 
  "##features#platform#cpu#all_freqs#0@4": 1200000, 
  "##features#platform#cpu#all_freqs#0@5": 1416000, 
  "##features#platform#cpu#all_freqs#1@0": 408000, 
  "##features#platform#cpu#all_freqs#1@1": 600000, 
  "##features#platform#cpu#all_freqs#1@2": 816000, 
  "##features#platform#cpu#all_freqs#1@3": 1008000, 
  "##features#platform#cpu#all_freqs#1@4": 1200000, 
  "##features#platform#cpu#all_freqs#1@5": 1416000, 
  "##features#platform#cpu#all_freqs#2@0": 408000, 
  "##features#platform#cpu#all_freqs#2@1": 600000, 
  "##features#platform#cpu#all_freqs#2@2": 816000, 
  "##features#platform#cpu#all_freqs#2@3": 1008000, 
  "##features#platform#cpu#all_freqs#2@4": 1200000, 
  "##features#platform#cpu#all_freqs#2@5": 1416000, 
  "##features#platform#cpu#all_freqs#3@0": 408000, 
  "##features#platform#cpu#all_freqs#3@1": 600000, 
  "##features#platform#cpu#all_freqs#3@2": 816000, 
  "##features#platform#cpu#all_freqs#3@3": 1008000, 
  "##features#platform#cpu#all_freqs#3@4": 1200000, 
  "##features#platform#cpu#all_freqs#3@5": 1416000, 
  "##features#platform#cpu#all_freqs#4@0": 408000, 
  "##features#platform#cpu#all_freqs#4@1": 600000, 
  "##features#platform#cpu#all_freqs#4@2": 816000, 
  "##features#platform#cpu#all_freqs#4@3": 1008000, 
  "##features#platform#cpu#all_freqs#4@4": 1200000, 
  "##features#platform#cpu#all_freqs#4@5": 1416000, 
  "##features#platform#cpu#all_freqs#4@6": 1608000, 
  "##features#platform#cpu#all_freqs#4@7": 1800000, 
  "##features#platform#cpu#all_freqs#5@0": 408000, 
  "##features#platform#cpu#all_freqs#5@1": 600000, 
  "##features#platform#cpu#all_freqs#5@2": 816000, 
  "##features#platform#cpu#all_freqs#5@3": 1008000, 
  "##features#platform#cpu#all_freqs#5@4": 1200000, 
  "##features#platform#cpu#all_freqs#5@5": 1416000, 
  "##features#platform#cpu#all_freqs#5@6": 1608000, 
  "##features#platform#cpu#all_freqs#5@7": 1800000, 
  "##features#platform#cpu#cpu_abi": "", 
  "##features#platform#cpu#cpu_features": "fp asimd evtstrm aes pmull sha1 sha2 crc32", 
  "##features#platform#cpu#current_freq#0": 1416.0, 
  "##features#platform#cpu#current_freq#1": 1416.0, 
  "##features#platform#cpu#current_freq#2": 1416.0, 
  "##features#platform#cpu#current_freq#3": 1416.0, 
  "##features#platform#cpu#current_freq#4": 1800.0, 
  "##features#platform#cpu#current_freq#5": 1800.0, 
  "##features#platform#cpu#max_freq#0": 1416.0, 
  "##features#platform#cpu#max_freq#1": 1416.0, 
  "##features#platform#cpu#max_freq#2": 1416.0, 
  "##features#platform#cpu#max_freq#3": 1416.0, 
  "##features#platform#cpu#max_freq#4": 1800.0, 
  "##features#platform#cpu#max_freq#5": 1800.0, 
  "##features#platform#cpu#name": "", 
  "##features#platform#cpu#num_proc": "6", 
  "##features#platform#cpu#sub_name": "", 
  "##features#platform#cpu#workload_automation#device_config#core_clusters@0": 0, 
  "##features#platform#cpu#workload_automation#device_config#core_clusters@1": 0, 
  "##features#platform#cpu#workload_automation#device_config#core_clusters@2": 0, 
  "##features#platform#cpu#workload_automation#device_config#core_clusters@3": 0, 
  "##features#platform#cpu#workload_automation#device_config#core_clusters@4": 1, 
  "##features#platform#cpu#workload_automation#device_config#core_clusters@5": 1, 
  "##features#platform#cpu#workload_automation#device_config#core_names@0": "0x41-8-0x0-0xd03-4", 
  "##features#platform#cpu#workload_automation#device_config#core_names@1": "0x41-8-0x0-0xd03-4", 
  "##features#platform#cpu#workload_automation#device_config#core_names@2": "0x41-8-0x0-0xd03-4", 
  "##features#platform#cpu#workload_automation#device_config#core_names@3": "0x41-8-0x0-0xd03-4", 
  "##features#platform#cpu#workload_automation#device_config#core_names@4": "0x41-8-0x0-0xd08-2", 
  "##features#platform#cpu#workload_automation#device_config#core_names@5": "0x41-8-0x0-0xd08-2", 
  "##features#platform#cpu_misc#0#BogoMIPS": "48.00", 
  "##features#platform#cpu_misc#0#CPU architecture": "8", 
  "##features#platform#cpu_misc#0#CPU implementer": "0x41", 
  "##features#platform#cpu_misc#0#CPU part": "0xd03", 
  "##features#platform#cpu_misc#0#CPU revision": "4", 
  "##features#platform#cpu_misc#0#CPU variant": "0x0", 
  "##features#platform#cpu_misc#0#Features": "fp asimd evtstrm aes pmull sha1 sha2 crc32", 
  "##features#platform#cpu_misc#0#all_freqs@0": "0", 
  "##features#platform#cpu_misc#0#all_freqs@1": "0", 
  "##features#platform#cpu_misc#0#all_freqs@2": "0", 
  "##features#platform#cpu_misc#0#all_freqs@3": "0", 
  "##features#platform#cpu_misc#0#all_freqs@4": "0", 
  "##features#platform#cpu_misc#0#all_freqs@5": "0", 
  "##features#platform#cpu_misc#0#ck_cpu_name": "0x41-8-0x0-0xd03-4", 
  "##features#platform#cpu_misc#0#cpu_abi": "", 
  "##features#platform#cpu_misc#0#cpu_features": "fp asimd evtstrm aes pmull sha1 sha2 crc32", 
  "##features#platform#cpu_misc#0#cur_freq": 1416.0, 
  "##features#platform#cpu_misc#0#max_freq": 1416.0, 
  "##features#platform#cpu_misc#0#new_format": "yes", 
  "##features#platform#cpu_misc#0#processor": "0", 
  "##features#platform#cpu_misc#1#BogoMIPS": "48.00", 
  "##features#platform#cpu_misc#1#CPU architecture": "8", 
  "##features#platform#cpu_misc#1#CPU implementer": "0x41", 
  "##features#platform#cpu_misc#1#CPU part": "0xd03", 
  "##features#platform#cpu_misc#1#CPU revision": "4", 
  "##features#platform#cpu_misc#1#CPU variant": "0x0", 
  "##features#platform#cpu_misc#1#Features": "fp asimd evtstrm aes pmull sha1 sha2 crc32", 
  "##features#platform#cpu_misc#1#all_freqs@0": "1", 
  "##features#platform#cpu_misc#1#all_freqs@1": "1", 
  "##features#platform#cpu_misc#1#all_freqs@2": "1", 
  "##features#platform#cpu_misc#1#all_freqs@3": "1", 
  "##features#platform#cpu_misc#1#all_freqs@4": "1", 
  "##features#platform#cpu_misc#1#all_freqs@5": "1", 
  "##features#platform#cpu_misc#1#ck_cpu_name": "0x41-8-0x0-0xd03-4", 
  "##features#platform#cpu_misc#1#cpu_abi": "", 
  "##features#platform#cpu_misc#1#cpu_features": "fp asimd evtstrm aes pmull sha1 sha2 crc32", 
  "##features#platform#cpu_misc#1#cur_freq": 1416.0, 
  "##features#platform#cpu_misc#1#max_freq": 1416.0, 
  "##features#platform#cpu_misc#1#new_format": "yes", 
  "##features#platform#cpu_misc#1#processor": "1", 
  "##features#platform#cpu_misc#2#BogoMIPS": "48.00", 
  "##features#platform#cpu_misc#2#CPU architecture": "8", 
  "##features#platform#cpu_misc#2#CPU implementer": "0x41", 
  "##features#platform#cpu_misc#2#CPU part": "0xd03", 
  "##features#platform#cpu_misc#2#CPU revision": "4", 
  "##features#platform#cpu_misc#2#CPU variant": "0x0", 
  "##features#platform#cpu_misc#2#Features": "fp asimd evtstrm aes pmull sha1 sha2 crc32", 
  "##features#platform#cpu_misc#2#all_freqs@0": "2", 
  "##features#platform#cpu_misc#2#all_freqs@1": "2", 
  "##features#platform#cpu_misc#2#all_freqs@2": "2", 
  "##features#platform#cpu_misc#2#all_freqs@3": "2", 
  "##features#platform#cpu_misc#2#all_freqs@4": "2", 
  "##features#platform#cpu_misc#2#all_freqs@5": "2", 
  "##features#platform#cpu_misc#2#ck_cpu_name": "0x41-8-0x0-0xd03-4", 
  "##features#platform#cpu_misc#2#cpu_abi": "", 
  "##features#platform#cpu_misc#2#cpu_features": "fp asimd evtstrm aes pmull sha1 sha2 crc32", 
  "##features#platform#cpu_misc#2#cur_freq": 1416.0, 
  "##features#platform#cpu_misc#2#max_freq": 1416.0, 
  "##features#platform#cpu_misc#2#new_format": "yes", 
  "##features#platform#cpu_misc#2#processor": "2", 
  "##features#platform#cpu_misc#3#BogoMIPS": "48.00", 
  "##features#platform#cpu_misc#3#CPU architecture": "8", 
  "##features#platform#cpu_misc#3#CPU implementer": "0x41", 
  "##features#platform#cpu_misc#3#CPU part": "0xd03", 
  "##features#platform#cpu_misc#3#CPU revision": "4", 
  "##features#platform#cpu_misc#3#CPU variant": "0x0", 
  "##features#platform#cpu_misc#3#Features": "fp asimd evtstrm aes pmull sha1 sha2 crc32", 
  "##features#platform#cpu_misc#3#all_freqs@0": "3", 
  "##features#platform#cpu_misc#3#all_freqs@1": "3", 
  "##features#platform#cpu_misc#3#all_freqs@2": "3", 
  "##features#platform#cpu_misc#3#all_freqs@3": "3", 
  "##features#platform#cpu_misc#3#all_freqs@4": "3", 
  "##features#platform#cpu_misc#3#all_freqs@5": "3", 
  "##features#platform#cpu_misc#3#ck_cpu_name": "0x41-8-0x0-0xd03-4", 
  "##features#platform#cpu_misc#3#cpu_abi": "", 
  "##features#platform#cpu_misc#3#cpu_features": "fp asimd evtstrm aes pmull sha1 sha2 crc32", 
  "##features#platform#cpu_misc#3#cur_freq": 1416.0, 
  "##features#platform#cpu_misc#3#max_freq": 1416.0, 
  "##features#platform#cpu_misc#3#new_format": "yes", 
  "##features#platform#cpu_misc#3#processor": "3", 
  "##features#platform#cpu_misc#4#BogoMIPS": "48.00", 
  "##features#platform#cpu_misc#4#CPU architecture": "8", 
  "##features#platform#cpu_misc#4#CPU implementer": "0x41", 
  "##features#platform#cpu_misc#4#CPU part": "0xd08", 
  "##features#platform#cpu_misc#4#CPU revision": "2", 
  "##features#platform#cpu_misc#4#CPU variant": "0x0", 
  "##features#platform#cpu_misc#4#Features": "fp asimd evtstrm aes pmull sha1 sha2 crc32", 
  "##features#platform#cpu_misc#4#all_freqs@0": "4", 
  "##features#platform#cpu_misc#4#all_freqs@1": "4", 
  "##features#platform#cpu_misc#4#all_freqs@2": "4", 
  "##features#platform#cpu_misc#4#all_freqs@3": "4", 
  "##features#platform#cpu_misc#4#all_freqs@4": "4", 
  "##features#platform#cpu_misc#4#all_freqs@5": "4", 
  "##features#platform#cpu_misc#4#all_freqs@6": "4", 
  "##features#platform#cpu_misc#4#all_freqs@7": "4", 
  "##features#platform#cpu_misc#4#ck_cpu_name": "0x41-8-0x0-0xd08-2", 
  "##features#platform#cpu_misc#4#cpu_abi": "", 
  "##features#platform#cpu_misc#4#cpu_features": "fp asimd evtstrm aes pmull sha1 sha2 crc32", 
  "##features#platform#cpu_misc#4#cur_freq": 1800.0, 
  "##features#platform#cpu_misc#4#max_freq": 1800.0, 
  "##features#platform#cpu_misc#4#new_format": "yes", 
  "##features#platform#cpu_misc#4#processor": "4", 
  "##features#platform#cpu_misc#5#BogoMIPS": "48.00", 
  "##features#platform#cpu_misc#5#CPU architecture": "8", 
  "##features#platform#cpu_misc#5#CPU implementer": "0x41", 
  "##features#platform#cpu_misc#5#CPU part": "0xd08", 
  "##features#platform#cpu_misc#5#CPU revision": "2", 
  "##features#platform#cpu_misc#5#CPU variant": "0x0", 
  "##features#platform#cpu_misc#5#Features": "fp asimd evtstrm aes pmull sha1 sha2 crc32", 
  "##features#platform#cpu_misc#5#Serial": "0000000000000000", 
  "##features#platform#cpu_misc#5#all_freqs@0": "5", 
  "##features#platform#cpu_misc#5#all_freqs@1": "5", 
  "##features#platform#cpu_misc#5#all_freqs@2": "5", 
  "##features#platform#cpu_misc#5#all_freqs@3": "5", 
  "##features#platform#cpu_misc#5#all_freqs@4": "5", 
  "##features#platform#cpu_misc#5#all_freqs@5": "5", 
  "##features#platform#cpu_misc#5#all_freqs@6": "5", 
  "##features#platform#cpu_misc#5#all_freqs@7": "5", 
  "##features#platform#cpu_misc#5#ck_cpu_name": "0x41-8-0x0-0xd08-2", 
  "##features#platform#cpu_misc#5#cpu_abi": "", 
  "##features#platform#cpu_misc#5#cpu_features": "fp asimd evtstrm aes pmull sha1 sha2 crc32", 
  "##features#platform#cpu_misc#5#cur_freq": 1800.0, 
  "##features#platform#cpu_misc#5#max_freq": 1800.0, 
  "##features#platform#cpu_misc#5#new_format": "yes", 
  "##features#platform#cpu_misc#5#processor": "5", 
  "##features#platform#cpu_new_format": "yes", 
  "##features#platform#cpu_unique@0#BogoMIPS": "48.00", 
  "##features#platform#cpu_unique@0#CPU architecture": "8", 
  "##features#platform#cpu_unique@0#CPU implementer": "0x41", 
  "##features#platform#cpu_unique@0#CPU part": "0xd03", 
  "##features#platform#cpu_unique@0#CPU revision": "4", 
  "##features#platform#cpu_unique@0#CPU variant": "0x0", 
  "##features#platform#cpu_unique@0#Features": "fp asimd evtstrm aes pmull sha1 sha2 crc32", 
  "##features#platform#cpu_unique@0#all_freqs@0": "0", 
  "##features#platform#cpu_unique@0#all_freqs@1": "0", 
  "##features#platform#cpu_unique@0#all_freqs@2": "0", 
  "##features#platform#cpu_unique@0#all_freqs@3": "0", 
  "##features#platform#cpu_unique@0#all_freqs@4": "0", 
  "##features#platform#cpu_unique@0#all_freqs@5": "0", 
  "##features#platform#cpu_unique@0#ck_cpu_name": "0x41-8-0x0-0xd03-4", 
  "##features#platform#cpu_unique@0#cpu_abi": "", 
  "##features#platform#cpu_unique@0#cpu_features": "fp asimd evtstrm aes pmull sha1 sha2 crc32", 
  "##features#platform#cpu_unique@0#cur_freq": 1416.0, 
  "##features#platform#cpu_unique@0#max_freq": 1416.0, 
  "##features#platform#cpu_unique@0#new_format": "yes", 
  "##features#platform#cpu_unique@0#processor": "0", 
  "##features#platform#cpu_unique@1#BogoMIPS": "48.00", 
  "##features#platform#cpu_unique@1#CPU architecture": "8", 
  "##features#platform#cpu_unique@1#CPU implementer": "0x41", 
  "##features#platform#cpu_unique@1#CPU part": "0xd08", 
  "##features#platform#cpu_unique@1#CPU revision": "2", 
  "##features#platform#cpu_unique@1#CPU variant": "0x0", 
  "##features#platform#cpu_unique@1#Features": "fp asimd evtstrm aes pmull sha1 sha2 crc32", 
  "##features#platform#cpu_unique@1#all_freqs@0": "4", 
  "##features#platform#cpu_unique@1#all_freqs@1": "4", 
  "##features#platform#cpu_unique@1#all_freqs@2": "4", 
  "##features#platform#cpu_unique@1#all_freqs@3": "4", 
  "##features#platform#cpu_unique@1#all_freqs@4": "4", 
  "##features#platform#cpu_unique@1#all_freqs@5": "4", 
  "##features#platform#cpu_unique@1#all_freqs@6": "4", 
  "##features#platform#cpu_unique@1#all_freqs@7": "4", 
  "##features#platform#cpu_unique@1#ck_cpu_name": "0x41-8-0x0-0xd08-2", 
  "##features#platform#cpu_unique@1#cpu_abi": "", 
  "##features#platform#cpu_unique@1#cpu_features": "fp asimd evtstrm aes pmull sha1 sha2 crc32", 
  "##features#platform#cpu_unique@1#cur_freq": 1800.0, 
  "##features#platform#cpu_unique@1#max_freq": 1800.0, 
  "##features#platform#cpu_unique@1#new_format": "yes", 
  "##features#platform#cpu_unique@1#processor": "4", 
  "##features#platform#gpu#name": "", 
  "##features#platform#gpu#vendor": "", 
  "##features#platform#os#abi": "aarch64", 
  "##features#platform#os#bits": "64", 
  "##features#platform#os#ck_os_base_uoa": "", 
  "##features#platform#os#ck_os_uoa": "linux-64", 
  "##features#platform#os#name": "Ubuntu 16.04.6 LTS", 
  "##features#platform#os#name_long": "Linux-4.4.77-aarch64-with-Ubuntu-16.04-xenial", 
  "##features#platform#os#name_short": "Linux 4.4.77", 
  "##features#platform#os#serial_number": "", 
  "##features#platform#platform#model": "Rockchip RK3399 Firefly Board (Linux Opensource)\u0000", 
  "##features#platform#platform#name": "Rockchip (Rockchip RK3399 Firefly Board (Linux Opensource)\u0000)", 
  "##features#platform#platform#vendor": "Rockchip", 
  "##features#statistical_repetitions": 1
}
