{
  "choices": {
    "cmd_key": "default",
    "compile_type": "dynamic",
    "compiler_description_uoa": "llvm-4.0.0-auto",
    "compiler_flags": {
      "base_opt": "-O3"
    },
    "console": "",
    "cpu_freq": "max",
    "data_uoa": "image-classification-tflite-loadgen",
    "dataset_file": "",
    "device_id": "GAB7N17B24003474",
    "env": {
      "CK_CPU_FREQUENCY": "max",
      "CK_GPU_FREQUENCY": "max",
      "CK_LOADGEN_BUFFER_SIZE": "1024",
      "CK_LOADGEN_CONF_FILE": "user.conf",
      "CK_LOADGEN_DATASET_SIZE": "1024",
      "CK_LOADGEN_MAX_DURATION_S": 0,
      "CK_LOADGEN_MODE": "PerformanceOnly",
      "CK_LOADGEN_OFFLINE_EXPECTED_QPS": 0,
      "CK_LOADGEN_SCENARIO": "SingleStream",
      "CK_LOADGEN_SUPPORT": "YES",
      "CK_LOADGEN_TRIGGER_COLD_RUN": "yes",
      "CK_RESULTS_DIR": "predictions",
      "CK_SKIP_IMAGES": 0,
      "CK_VERBOSE": "1"
    },
    "gpu_freq": "max",
    "host_os": "linux-64",
    "module_uoa": "b0ac08fe1d3c2615",
    "no_state_check": "yes",
    "repeat": 1,
    "skip_print_timers": "yes",
    "target": "",
    "target_os": "android24-arm64",
    "target_os_bits": "64"
  },
  "choices_order": [],
  "features": {
    "compiler_version": {
      "list": [
        6,
        0,
        2
      ],
      "raw": [
        "Android (4691093 based on r316199) clang version 6.0.2 (https://android.googlesource.com/toolchain/clang 183abd29fc496f55536e7d904e0abae47888fc7f) (https://android.googlesource.com/toolchain/llvm 34361f192e41ed6e4e8f9aca80a4ea7e9856f327) (based on LLVM 6.0.2svn)",
        "Target: x86_64-unknown-linux-gnu",
        "Thread model: posix",
        "InstalledDir: /usr/lib/android-ndk-r17c/toolchains/llvm/prebuilt/linux-x86_64/bin",
        ""
      ],
      "str": "6.0.2"
    },
    "number_of_selected_compiler_flags": 1,
    "platform": {
      "cpu": {
        "all_freqs": {
          "0": [
            509000,
            1018000,
            1210000,
            1402000,
            1556000,
            1690000,
            1844000
          ],
          "1": [
            509000,
            1018000,
            1210000,
            1402000,
            1556000,
            1690000,
            1844000
          ],
          "2": [
            509000,
            1018000,
            1210000,
            1402000,
            1556000,
            1690000,
            1844000
          ],
          "3": [
            509000,
            1018000,
            1210000,
            1402000,
            1556000,
            1690000,
            1844000
          ],
          "4": [
            682000,
            1018000,
            1210000,
            1364000,
            1498000,
            1652000,
            1863000,
            2093000,
            2362000
          ],
          "5": [
            682000,
            1018000,
            1210000,
            1364000,
            1498000,
            1652000,
            1863000,
            2093000,
            2362000
          ],
          "6": [
            682000,
            1018000,
            1210000,
            1364000,
            1498000,
            1652000,
            1863000,
            2093000,
            2362000
          ],
          "7": [
            682000,
            1018000,
            1210000,
            1364000,
            1498000,
            1652000,
            1863000,
            2093000,
            2362000
          ]
        },
        "cpu_abi": "arm64-v8a",
        "cpu_features": "fp asimd evtstrm aes pmull sha1 sha2 crc32",
        "current_freq": {
          "0": 509.0,
          "1": 509.0,
          "2": 509.0,
          "3": 1402.0,
          "4": 1364.0,
          "5": 1364.0,
          "6": 1210.0,
          "7": 1364.0
        },
        "max_freq": {
          "0": 1844.0,
          "1": 1844.0,
          "2": 1844.0,
          "3": 1844.0,
          "4": 2362.0,
          "5": 2362.0,
          "6": 2362.0,
          "7": 2362.0
        },
        "name": "",
        "num_proc": "8",
        "sub_name": "",
        "workload_automation": {
          "device_config": {
            "core_clusters": [
              0,
              0,
              0,
              0,
              1,
              1,
              1,
              1
            ],
            "core_names": [
              "0x41-8-0x0-0xd03-4",
              "0x41-8-0x0-0xd03-4",
              "0x41-8-0x0-0xd03-4",
              "0x41-8-0x0-0xd03-4",
              "0x41-8-0x0-0xd09-2",
              "0x41-8-0x0-0xd09-2",
              "0x41-8-0x0-0xd09-2",
              "0x41-8-0x0-0xd09-2"
            ]
          }
        }
      },
      "cpu_misc": {
        "0": {
          "BogoMIPS": "3.84",
          "CPU architecture": "8",
          "CPU implementer": "0x41",
          "CPU part": "0xd03",
          "CPU revision": "4",
          "CPU variant": "0x0",
          "Features": "fp asimd evtstrm aes pmull sha1 sha2 crc32",
          "Processor": "AArch64 Processor rev 2 (aarch64)",
          "all_freqs": [
            "0",
            "0",
            "0",
            "0",
            "0",
            "0",
            "0"
          ],
          "ck_cpu_name": "0x41-8-0x0-0xd03-4",
          "cpu_abi": "arm64-v8a",
          "cpu_features": "fp asimd evtstrm aes pmull sha1 sha2 crc32",
          "cur_freq": 509.0,
          "max_freq": 1844.0,
          "new_format": "yes",
          "processor": "0"
        },
        "1": {
          "BogoMIPS": "3.84",
          "CPU architecture": "8",
          "CPU implementer": "0x41",
          "CPU part": "0xd03",
          "CPU revision": "4",
          "CPU variant": "0x0",
          "Features": "fp asimd evtstrm aes pmull sha1 sha2 crc32",
          "all_freqs": [
            "1",
            "1",
            "1",
            "1",
            "1",
            "1",
            "1"
          ],
          "ck_cpu_name": "0x41-8-0x0-0xd03-4",
          "cpu_abi": "arm64-v8a",
          "cpu_features": "fp asimd evtstrm aes pmull sha1 sha2 crc32",
          "cur_freq": 509.0,
          "max_freq": 1844.0,
          "new_format": "yes",
          "processor": "1"
        },
        "2": {
          "BogoMIPS": "3.84",
          "CPU architecture": "8",
          "CPU implementer": "0x41",
          "CPU part": "0xd03",
          "CPU revision": "4",
          "CPU variant": "0x0",
          "Features": "fp asimd evtstrm aes pmull sha1 sha2 crc32",
          "all_freqs": [
            "2",
            "2",
            "2",
            "2",
            "2",
            "2",
            "2"
          ],
          "ck_cpu_name": "0x41-8-0x0-0xd03-4",
          "cpu_abi": "arm64-v8a",
          "cpu_features": "fp asimd evtstrm aes pmull sha1 sha2 crc32",
          "cur_freq": 509.0,
          "max_freq": 1844.0,
          "new_format": "yes",
          "processor": "2"
        },
        "3": {
          "BogoMIPS": "3.84",
          "CPU architecture": "8",
          "CPU implementer": "0x41",
          "CPU part": "0xd03",
          "CPU revision": "4",
          "CPU variant": "0x0",
          "Features": "fp asimd evtstrm aes pmull sha1 sha2 crc32",
          "all_freqs": [
            "3",
            "3",
            "3",
            "3",
            "3",
            "3",
            "3"
          ],
          "ck_cpu_name": "0x41-8-0x0-0xd03-4",
          "cpu_abi": "arm64-v8a",
          "cpu_features": "fp asimd evtstrm aes pmull sha1 sha2 crc32",
          "cur_freq": 1402.0,
          "max_freq": 1844.0,
          "new_format": "yes",
          "processor": "3"
        },
        "4": {
          "BogoMIPS": "3.84",
          "CPU architecture": "8",
          "CPU implementer": "0x41",
          "CPU part": "0xd09",
          "CPU revision": "2",
          "CPU variant": "0x0",
          "Features": "fp asimd evtstrm aes pmull sha1 sha2 crc32",
          "all_freqs": [
            "4",
            "4",
            "4",
            "4",
            "4",
            "4",
            "4",
            "4",
            "4"
          ],
          "ck_cpu_name": "0x41-8-0x0-0xd09-2",
          "cpu_abi": "arm64-v8a",
          "cpu_features": "fp asimd evtstrm aes pmull sha1 sha2 crc32",
          "cur_freq": 1364.0,
          "max_freq": 2362.0,
          "new_format": "yes",
          "processor": "4"
        },
        "5": {
          "BogoMIPS": "3.84",
          "CPU architecture": "8",
          "CPU implementer": "0x41",
          "CPU part": "0xd09",
          "CPU revision": "2",
          "CPU variant": "0x0",
          "Features": "fp asimd evtstrm aes pmull sha1 sha2 crc32",
          "all_freqs": [
            "5",
            "5",
            "5",
            "5",
            "5",
            "5",
            "5",
            "5",
            "5"
          ],
          "ck_cpu_name": "0x41-8-0x0-0xd09-2",
          "cpu_abi": "arm64-v8a",
          "cpu_features": "fp asimd evtstrm aes pmull sha1 sha2 crc32",
          "cur_freq": 1364.0,
          "max_freq": 2362.0,
          "new_format": "yes",
          "processor": "5"
        },
        "6": {
          "BogoMIPS": "3.84",
          "CPU architecture": "8",
          "CPU implementer": "0x41",
          "CPU part": "0xd09",
          "CPU revision": "2",
          "CPU variant": "0x0",
          "Features": "fp asimd evtstrm aes pmull sha1 sha2 crc32",
          "all_freqs": [
            "6",
            "6",
            "6",
            "6",
            "6",
            "6",
            "6",
            "6",
            "6"
          ],
          "ck_cpu_name": "0x41-8-0x0-0xd09-2",
          "cpu_abi": "arm64-v8a",
          "cpu_features": "fp asimd evtstrm aes pmull sha1 sha2 crc32",
          "cur_freq": 1210.0,
          "max_freq": 2362.0,
          "new_format": "yes",
          "processor": "6"
        },
        "7": {
          "BogoMIPS": "3.84",
          "CPU architecture": "8",
          "CPU implementer": "0x41",
          "CPU part": "0xd09",
          "CPU revision": "2",
          "CPU variant": "0x0",
          "Features": "fp asimd evtstrm aes pmull sha1 sha2 crc32",
          "all_freqs": [
            "7",
            "7",
            "7",
            "7",
            "7",
            "7",
            "7",
            "7",
            "7"
          ],
          "ck_cpu_name": "0x41-8-0x0-0xd09-2",
          "cpu_abi": "arm64-v8a",
          "cpu_features": "fp asimd evtstrm aes pmull sha1 sha2 crc32",
          "cur_freq": 1364.0,
          "max_freq": 2362.0,
          "new_format": "yes",
          "processor": "7"
        }
      },
      "cpu_new_format": "yes",
      "cpu_unique": [
        {
          "BogoMIPS": "3.84",
          "CPU architecture": "8",
          "CPU implementer": "0x41",
          "CPU part": "0xd03",
          "CPU revision": "4",
          "CPU variant": "0x0",
          "Features": "fp asimd evtstrm aes pmull sha1 sha2 crc32",
          "Processor": "AArch64 Processor rev 2 (aarch64)",
          "all_freqs": [
            "0",
            "0",
            "0",
            "0",
            "0",
            "0",
            "0"
          ],
          "ck_cpu_name": "0x41-8-0x0-0xd03-4",
          "cpu_abi": "arm64-v8a",
          "cpu_features": "fp asimd evtstrm aes pmull sha1 sha2 crc32",
          "cur_freq": 509.0,
          "max_freq": 1844.0,
          "new_format": "yes",
          "processor": "0"
        },
        {
          "BogoMIPS": "3.84",
          "CPU architecture": "8",
          "CPU implementer": "0x41",
          "CPU part": "0xd09",
          "CPU revision": "2",
          "CPU variant": "0x0",
          "Features": "fp asimd evtstrm aes pmull sha1 sha2 crc32",
          "all_freqs": [
            "4",
            "4",
            "4",
            "4",
            "4",
            "4",
            "4",
            "4",
            "4"
          ],
          "ck_cpu_name": "0x41-8-0x0-0xd09-2",
          "cpu_abi": "arm64-v8a",
          "cpu_features": "fp asimd evtstrm aes pmull sha1 sha2 crc32",
          "cur_freq": 1364.0,
          "max_freq": 2362.0,
          "new_format": "yes",
          "processor": "4"
        }
      ],
      "gpu": {
        "name": "ARM Mali-G72",
        "possibly_related_cpu_name": "",
        "vendor": "ARM"
      },
      "gpu_misc": {},
      "os": {
        "abi": "",
        "bits": "64",
        "ck_os_base_uoa": "",
        "ck_os_uoa": "android24-arm64",
        "name": "Android 9",
        "name_long": "Linux version 4.9.148 (android@localhost) (gcc version 4.9.x 20150123 (prerelease) (GCC) ) #1 SMP PREEMPT Sat Jun 29 20:41:06 CST 2019",
        "name_short": "Linux version 4.9.148",
        "serial_number": "GAB7N17B24003474"
      },
      "os_misc": {
        "adb_params": {
          "bastet.service.enable": "true",
          "bg_fsck.pgid": "399",
          "bt.dpbap.enable": "1",
          "bt.max.hfpclient.connections": "2",
          "config.disable_consumerir": "true",
          "dalvik.vm.appimageformat": "lz4",
          "dalvik.vm.boot-dex2oat-threads": "4",
          "dalvik.vm.checkjni": "false",
          "dalvik.vm.dex2oat-Xms": "64m",
          "dalvik.vm.dex2oat-Xmx": "512m",
          "dalvik.vm.dex2oat-minidebuginfo": "true",
          "dalvik.vm.dex2oat-threads": "4",
          "dalvik.vm.dexopt.secondary": "true",
          "dalvik.vm.heapgrowthlimit": "384m",
          "dalvik.vm.heapmaxfree": "8m",
          "dalvik.vm.heapminfree": "2m",
          "dalvik.vm.heapsize": "512m",
          "dalvik.vm.heapstartsize": "8m",
          "dalvik.vm.heaptargetutilization": "0.75",
          "dalvik.vm.image-dex2oat-Xms": "64m",
          "dalvik.vm.image-dex2oat-Xmx": "64m",
          "dalvik.vm.image-dex2oat-threads": "4",
          "dalvik.vm.isa.arm.features": "default",
          "dalvik.vm.isa.arm.variant": "cortex-a15",
          "dalvik.vm.isa.arm64.features": "default",
          "dalvik.vm.isa.arm64.variant": "generic",
          "dalvik.vm.stack-trace-dir": "/data/anr",
          "dalvik.vm.stack-trace-file": "/data/anr/traces.txt",
          "dalvik.vm.usejit": "true",
          "dalvik.vm.usejitprofiles": "true",
          "debug.aps.current_battery": "100",
          "debug.aps.enable": "0",
          "debug.aps.lcd_fps_scence": "60",
          "debug.aps.process.name": "",
          "debug.aps.scene_num": "5",
          "debug.atrace.tags.enableflags": "0",
          "debug.force_rtl": "0",
          "debug.sf.disable_backpressure": "1",
          "debug.sf.latch_unsignaled": "1",
          "dev.action_boot_completed": "true",
          "dev.bootcomplete": "1",
          "drm.service.enabled": "true",
          "fw.max_users": "4",
          "fw.show_multiuserui": "1",
          "gsm.RBActivated0": "",
          "gsm.check_is_single_pdp": "false",
          "gsm.current.phone-type": "1",
          "gsm.data.gsm_only_not_allow_ps": "false",
          "gsm.default.apn": "",
          "gsm.defaultpdpcontext.active": "true",
          "gsm.huawei.RemindDataService": "false",
          "gsm.hw.cust.ecclist": "",
          "gsm.hw.fdn.activated1": "false",
          "gsm.hw.fdn.ps.flag.exists1": "false",
          "gsm.hw.matchnum": "10",
          "gsm.hw.matchnum.short": "10",
          "gsm.hw.matchnum.vmn_shortcode": "0",
          "gsm.hw.operator.iso-country": "gb",
          "gsm.hw.operator.isroaming": "false",
          "gsm.hw.operator.numeric": "23415",
          "gsm.hw.operator.numeric.old": "23415",
          "gsm.multipdp.plmn.matched": "false",
          "gsm.network.type": "LTE",
          "gsm.nitz.time": "1570801102026",
          "gsm.nitz.timereference": "2164537167",
          "gsm.nvcfg.resetrild": "0",
          "gsm.nvcfg.rildrestarting": "0",
          "gsm.operator.alpha": "vodafone UK",
          "gsm.operator.iso-country": "gb",
          "gsm.operator.isroaming": "false",
          "gsm.operator.numeric": "23415",
          "gsm.rssi.sim1": "-90",
          "gsm.sigcust.configured": "true",
          "gsm.sim.hw_atr": "3B9F95801FC78031E073FE2113574A33052D323400BC",
          "gsm.sim.num.pin": "3",
          "gsm.sim.num.pin2": "3",
          "gsm.sim.num.puk": "10",
          "gsm.sim.num.puk2": "10",
          "gsm.sim.num.simlock": "-1,-1,-1,-1",
          "gsm.sim.operator.alpha": "",
          "gsm.sim.operator.iso-country": "gb",
          "gsm.sim.operator.numeric": "23415",
          "gsm.sim.preiccid_0": "8944100",
          "gsm.sim.state": "LOADED",
          "gsm.sim.updatenitz": "0",
          "gsm.sim1.type": "20",
          "gsm.slot1.num.pin1": "3",
          "gsm.slot1.num.pin2": "3",
          "gsm.slot1.num.puk1": "10",
          "gsm.slot1.num.puk2": "10",
          "gsm.sms.coding.national": "0",
          "gsm.sms.max.message.size": "307200",
          "gsm.sms.to.mms.textthreshold": "11",
          "gsm.version.baseband": "21C20B369S009C000",
          "gsm.version.ril-impl": "android infineon balong-ril 1.0",
          "hilog.tag": "I",
          "hw.hicure.dns_fail_count": "1077",
          "hw.lcd.density": "480",
          "hw.pc.support.app.projection": "true",
          "hw.wifi.dns_stat": "90,0,188,1,2803",
          "hw.wifipro.dns_fail_count": "3346",
          "hw.wifipro.uid_dns_fail_count": "10113-4/10067-40/10059-10/10232-1/1001-66/10104-12/10020-65/1000-88",
          "hwouc.hwpatch.version": "",
          "hwservicemanager.ready": "true",
          "init.svc.CameraDaemon": "running",
          "init.svc.ITouchservice": "running",
          "init.svc.activityrecognition_1_1": "running",
          "init.svc.adbd": "running",
          "init.svc.applogcat": "stopped",
          "init.svc.aptouch": "running",
          "init.svc.audioserver": "running",
          "init.svc.bastetd": "running",
          "init.svc.bootanim": "stopped",
          "init.svc.cameraserver": "running",
          "init.svc.chargelogcat": "stopped",
          "init.svc.chargemonitor": "stopped",
          "init.svc.cust_from_init": "stopped",
          "init.svc.display-hal-1-0": "running",
          "init.svc.displayeffect-1-2": "running",
          "init.svc.displayengine-hal-1-2": "running",
          "init.svc.dpeservice": "running",
          "init.svc.drm": "running",
          "init.svc.dubai-hal-1-1": "running",
          "init.svc.dubaid": "running",
          "init.svc.emcomd": "running",
          "init.svc.eventslogcat": "stopped",
          "init.svc.face_hal": "running",
          "init.svc.fps_hal_ext": "running",
          "init.svc.fusd": "running",
          "init.svc.gatekeeperd": "running",
          "init.svc.gpsdaemon": "stopped",
          "init.svc.gpuassistant": "running",
          "init.svc.hal_gnss_service_1-2": "running",
          "init.svc.hdbd": "running",
          "init.svc.health-hal-2-0": "running",
          "init.svc.healthd": "running",
          "init.svc.hiaiserver": "running",
          "init.svc.hiapplogcat": "stopped",
          "init.svc.hidl_memory": "running",
          "init.svc.hilog": "stopped",
          "init.svc.hinetmanager": "running",
          "init.svc.hisecd": "running",
          "init.svc.hisupl_service": "running",
          "init.svc.hiview": "running",
          "init.svc.hivrar-hal-1-3": "running",
          "init.svc.hivrarserver": "running",
          "init.svc.hivwserver": "running",
          "init.svc.hostapd": "stopped",
          "init.svc.hw_ueventd": "running",
          "init.svc.hwemerffu": "stopped",
          "init.svc.hwfactoryinterface-hal-1-1": "running",
          "init.svc.hwfs-hal-1-0": "running",
          "init.svc.hwhfd": "stopped",
          "init.svc.hwhiview-hal-1-0": "running",
          "init.svc.hwinit_check": "stopped",
          "init.svc.hwnffearly": "stopped",
          "init.svc.hwpged": "running",
          "init.svc.hwsched-1-0": "running",
          "init.svc.hwsecurity-hal": "running",
          "init.svc.hwservicemanager": "running",
          "init.svc.iGraphicsservice": "running",
          "init.svc.iked": "running",
          "init.svc.incidentd": "running",
          "init.svc.inputlogcat": "stopped",
          "init.svc.installd": "running",
          "init.svc.ir-hal-1-0": "running",
          "init.svc.irqbalance": "running",
          "init.svc.irsl-hal-1-0": "running",
          "init.svc.isplogcat": "stopped",
          "init.svc.jpegdec-1-0": "running",
          "init.svc.keystore": "running",
          "init.svc.kmsglogcat": "stopped",
          "init.svc.libteec-2-0": "running",
          "init.svc.light-ext-hal-2-0": "running",
          "init.svc.lmkd": "running",
          "init.svc.logd": "running",
          "init.svc.logd-reinit": "stopped",
          "init.svc.macaddr": "stopped",
          "init.svc.mdnsd": "stopped",
          "init.svc.media": "running",
          "init.svc.mediacomm@2.1-service": "running",
          "init.svc.mediadrm": "running",
          "init.svc.mediaextractor": "running",
          "init.svc.mediametrics": "running",
          "init.svc.modemchr_service": "running",
          "init.svc.motion-hal-1-0": "running",
          "init.svc.netd": "running",
          "init.svc.nfc_hal_ext_service": "running",
          "init.svc.odmf-data-chgrp": "stopped",
          "init.svc.oeminfo_nvm": "running",
          "init.svc.perfgenius-hal-2-0": "running",
          "init.svc.pmom": "running",
          "init.svc.power-hw-hal-1-0": "running",
          "init.svc.powerct": "stopped",
          "init.svc.powerlogd": "running",
          "init.svc.restart_xlogcat_service": "stopped",
          "init.svc.rillogcat": "stopped",
          "init.svc.secure_element_hal_service": "running",
          "init.svc.sensors-hal-1-0_hw": "running",
          "init.svc.servicemanager": "running",
          "init.svc.shlogd": "stopped",
          "init.svc.sleeplogcat": "stopped",
          "init.svc.statsd": "running",
          "init.svc.storage_info": "running",
          "init.svc.storaged": "running",
          "init.svc.surfaceflinger": "running",
          "init.svc.teeauth": "running",
          "init.svc.teecd": "running",
          "init.svc.teelogcat": "stopped",
          "init.svc.thermal-daemon": "running",
          "init.svc.thermalservice": "running",
          "init.svc.tombstoned": "running",
          "init.svc.tp-hal-1-0": "running",
          "init.svc.ueventd": "running",
          "init.svc.uniperf-hal-1-0": "running",
          "init.svc.unrmd": "running",
          "init.svc.usbd": "stopped",
          "init.svc.vibrator-HW-1-0": "running",
          "init.svc.vndservicemanager": "running",
          "init.svc.vold": "running",
          "init.svc.wifi_ext": "running",
          "init.svc.wificond": "running",
          "init.svc.wpa_supplicant": "running",
          "init.svc.xlogcat_service": "stopped",
          "init.svc.xlogctl_service": "stopped",
          "init.svc.zygote": "running",
          "init.svc.zygote_secondary": "running",
          "keyguard.no_require_sim": "true",
          "log.tag.stats_log": "I",
          "net.bt.name": "Android",
          "net.hostname": "HUAWEI_Mate_10_Pro-b43d92",
          "net.ntp.time": "1568636477304",
          "net.ntp.timereference": "17299",
          "net.qtaguid_enabled": "1",
          "net.rmnet0.dns1": "10.206.128.1",
          "net.tcp.default_init_rwnd": "60",
          "net.wifi.selfcuring": "0",
          "nfc.initialized": "true",
          "nfc.node": "/dev/pn544",
          "odm.drm.stop": "false",
          "persist.bt.max.a2dp.connections": "2",
          "persist.config.hw.lca.region": "inland",
          "persist.enable_task_snapshots": "true",
          "persist.huawei.touch_move_opt": "1",
          "persist.huawei.touch_vsync_opt": "1",
          "persist.huawei.touchevent_opt": "1",
          "persist.iaware.mem_emerg_kill": "true",
          "persist.jank.gameskip": "true",
          "persist.kirin.alloc_buffer_sync": "true",
          "persist.kirin.texture_cache_opt": "1",
          "persist.radio.airmode_sim0": "false",
          "persist.radio.airplane_mode_on": "0",
          "persist.radio.apm_sim_not_pwdn": "1",
          "persist.radio.chr.apreset": "false",
          "persist.radio.commril_mode": "HISI_CGUL_MODE",
          "persist.radio.cota_version": "_C782__",
          "persist.radio.cur_apn_name": "wap.vodafone.co.uk",
          "persist.radio.cur_apn_type": "default",
          "persist.radio.cur_attach_apn": "wap.vodafone.co.uk",
          "persist.radio.cur_attach_proto": "IP",
          "persist.radio.cur_dend_cause": "777",
          "persist.radio.current_real_id": "",
          "persist.radio.current_version": "BLA-L09 8.0.0.133(C782)",
          "persist.radio.defdualltecap": "0",
          "persist.radio.defdualsimltemenu": "true",
          "persist.radio.disconnectCode": "16",
          "persist.radio.dns.sub0": "10.203.64.1",
          "persist.radio.dualltecap": "0",
          "persist.radio.fast_switch_step": "0,0",
          "persist.radio.findmyphone": "0",
          "persist.radio.fixwapapn": "true",
          "persist.radio.force_load_nvcfg": "false",
          "persist.radio.force_load_nvcfg_1": "true",
          "persist.radio.lte_enabled": "true",
          "persist.radio.modem.cap": "09B9D52",
          "persist.radio.nitz_hw_name": "",
          "persist.radio.nv_bin_loaded_m0": "false",
          "persist.radio.nv_bin_loaded_m1": "false",
          "persist.radio.nvcfg_file": "VDF_GB.bin",
          "persist.radio.old_attach_apn": "",
          "persist.radio.old_attach_proto": "IPV4V6",
          "persist.radio.prefered_network": "9",
          "persist.radio.preiccid_0": "8944100",
          "persist.radio.previousopcode0": "23415",
          "persist.radio.procsetdata": "com.android.systemui",
          "persist.radio.request_shutdown": "true",
          "persist.radio.standby_mode": "mode_ulu",
          "persist.radio.sub_state_cfg": "1,1,1",
          "persist.radio.usersetdata": "true",
          "persist.service.hdb.enable": "true",
          "persist.service.tm2.tofile": "false",
          "persist.sys.addview.config": "1",
          "persist.sys.adoptable": "force_on",
          "persist.sys.appstart.enable": "true",
          "persist.sys.appstart.sync": "false",
          "persist.sys.aps.defaultWidth": "1080",
          "persist.sys.aps.firstboot": "0",
          "persist.sys.audio_mode": "0",
          "persist.sys.aware.compile.prop.num": "1",
          "persist.sys.aware.compile.prop.time": "1570737350",
          "persist.sys.boost.byeachfling": "true",
          "persist.sys.boost.durationms": "1000",
          "persist.sys.boost.skipframe": "3",
          "persist.sys.boot.reason": "reboot,huawei_reboot",
          "persist.sys.cpuset.enable": "1",
          "persist.sys.cpuset.subswitch": "863760",
          "persist.sys.dalvik.vm.lib.2": "libart.so",
          "persist.sys.devsched.subswitch": "765",
          "persist.sys.dualcards": "false",
          "persist.sys.enable_iaware": "true",
          "persist.sys.fast_h_duration": "2000",
          "persist.sys.fast_h_max": "50",
          "persist.sys.fingerpressnavi": "0",
          "persist.sys.fingersense": "1",
          "persist.sys.getvolumelist.cache": "true",
          "persist.sys.gms.uid": "10020,",
          "persist.sys.gps.lpp": "",
          "persist.sys.hardcoder.name": "resmon|16",
          "persist.sys.hiview.onekeycaptur": "0",
          "persist.sys.huawei.debug.on": "0",
          "persist.sys.hwGpsTimestamp": "1570778364328",
          "persist.sys.hwLastSystemTime": "1570778363934",
          "persist.sys.hwairplanestate": "com.android.deskclock",
          "persist.sys.hwpms_error_reboot_count": "0",
          "persist.sys.iaware.appboost.click_duration": "1000",
          "persist.sys.iaware.appboost.click_times": "3",
          "persist.sys.iaware.appboost.slide_duration": "5000",
          "persist.sys.iaware.appboost.slide_times": "16",
          "persist.sys.iaware.appboost.switch": "false",
          "persist.sys.iaware.appscenerecog.switch": "true",
          "persist.sys.iaware.appsdk": "true",
          "persist.sys.iaware.blitparallel": "true",
          "persist.sys.iaware.cpuenable": "true",
          "persist.sys.iaware.jpg_sample_adapt": "3",
          "persist.sys.iaware.size.BitmapDeocodeCache": "0",
          "persist.sys.iaware.switch.BitmapDeocodeCache": "false",
          "persist.sys.iaware.topimcn": "com.tencent.mm",
          "persist.sys.iaware.vsyncfirst": "true",
          "persist.sys.iaware_config_cust": "iaware_cust_BLA-L09_US_9_300C782.xml",
          "persist.sys.iaware_config_ver": "iaware_config_BLA-L09_US_9_300C782.xml",
          "persist.sys.install_no_quota": "1",
          "persist.sys.jankdb": "<10><400><400><400><400><400>",
          "persist.sys.jankenable": "true",
          "persist.sys.locale": "en-GB",
          "persist.sys.logsystem.coredump": "off",
          "persist.sys.logsystem.dataflow": "0",
          "persist.sys.logsystem.modem": "0",
          "persist.sys.logsystem.protohint": "0",
          "persist.sys.max_rdh_delay": "0",
          "persist.sys.mcc_match_fyrom": "23415",
          "persist.sys.navigationbar.mode": "0",
          "persist.sys.opkey0": "23415F01",
          "persist.sys.performance": "false",
          "persist.sys.powerup_reason": "NORMAL",
          "persist.sys.predns": "true",
          "persist.sys.preloads.file_cache_expired": "1",
          "persist.sys.profiler_ms": "0",
          "persist.sys.rog.height": "2160",
          "persist.sys.rog.width": "1080",
          "persist.sys.root.status": "0",
          "persist.sys.show_incallscreen": "0",
          "persist.sys.shut_alarm": "1 1570869000000",
          "persist.sys.smart_switch_enable": "false",
          "persist.sys.srms.enable": "true",
          "persist.sys.support_config_ash": "false",
          "persist.sys.timezone": "Europe/London",
          "persist.sys.uninstallapk": "1",
          "persist.sys.usb.capture": "false",
          "persist.sys.usb.config": "hisuite,mtp,mass_storage,adb,hdb",
          "persist.sys.volume.ringIndex": "0",
          "persist.sys.webview.vmsize": "124981040",
          "persist.sys.zen_mode": "0",
          "persist.thp.ver_dae": "bostonc10_alps/2.5.366",
          "pm.dexopt.ab-ota": "speed-profile",
          "pm.dexopt.bg-dexopt": "speed-profile",
          "pm.dexopt.boot": "verify",
          "pm.dexopt.first-boot": "quicken",
          "pm.dexopt.inactive": "verify",
          "pm.dexopt.install": "speed-profile",
          "pm.dexopt.priv-apps-oob": "false",
          "pm.dexopt.priv-apps-oob-list": "ALL",
          "pm.dexopt.shared": "speed",
          "reduce.sar.imsi.mnc": "234",
          "ril.ecclist": "112,911,999,112,911,911,112,999",
          "ril.force_to_set_ecc": "invalid",
          "ril.operator.numeric": "23415",
          "ro.actionable_compatible_property.enabled": "true",
          "ro.adb.btstatus": "valid",
          "ro.adb.secure": "1",
          "ro.allow.mock.location": "0",
          "ro.audio.gamescene_volume": "0.4",
          "ro.audio.offload_wakelock": "false",
          "ro.baseband": "unknown",
          "ro.blight.exempt_app_type": "-1,1,16,24",
          "ro.board.boardid": "6458",
          "ro.board.boardname": "BLANC_LX9_VN1_ANTI",
          "ro.board.modemid": "39012000",
          "ro.board.platform": "kirin970",
          "ro.booking.channel.path": "preload/BLA-L09/vodafone/uk/xml",
          "ro.boot.avb_version": "0.0",
          "ro.boot.boot_devices": "ff3c0000.ufs",
          "ro.boot.bootreason": "reboot,huawei_reboot",
          "ro.boot.dtbo_idx": "0",
          "ro.boot.flash.locked": "0",
          "ro.boot.hardware": "kirin970",
          "ro.boot.mode": "normal",
          "ro.boot.product.hardware.sku": "BLA-L09",
          "ro.boot.selinux": "enforcing",
          "ro.boot.serialno": "GAB7N17B24003474",
          "ro.boot.vbmeta.avb_version": "0.0",
          "ro.boot.vercnt1": "2",
          "ro.boot.verifiedbootstate": "orange",
          "ro.boot.veritymode": "enforcing",
          "ro.bootimage.build.date": "Thu Jun 27 16:55:15 CST 2019",
          "ro.bootimage.build.date.utc": "1561625715",
          "ro.bootimage.build.fingerprint": "Huawei/generic_a15/generic_a15:9/PPR1.180610.011/root201906271652:user/test-keys",
          "ro.bootloader": "unknown",
          "ro.bootmode": "normal",
          "ro.build.backtargetmode": "V2.0",
          "ro.build.characteristics": "default",
          "ro.build.date": "Thu Jun 27 16:52:30 CST 2019",
          "ro.build.date.utc": "1561625550",
          "ro.build.description": "BLA-L09-user 9.1.0 300-OVS-LGRP2 release-keys",
          "ro.build.display.id": "BLA-L09 9.1.0.300(C782E5R1P11)",
          "ro.build.fingerprint": "HUAWEI/BLA-L09/HWBLA:9/HUAWEIBLA-L09S/300C782:user/release-keys",
          "ro.build.hide": "false",
          "ro.build.hide.matchers": "BLA;HW;HWBLA;kirin970;HUAWEI;Heimdall-MP12;9.0.0",
          "ro.build.hide.replacements": "ERT;unknown;unknown;unknown;unknown;unknown;8.0.0",
          "ro.build.hide.settings": "8;1.8 GHz;2.0GB;11.00 GB;16.00 GB;1920 x 1080;5.1;3.10.30;3.1",
          "ro.build.host": "wh512943e341561622746172-935874224-sbtqf",
          "ro.build.hw_emui_api_level": "19",
          "ro.build.id": "HUAWEIBLA-L09S",
          "ro.build.preload_use_oemkey": "true",
          "ro.build.product": "BLA",
          "ro.build.soundrecorder.imgtag": "true",
          "ro.build.system_root_image": "true",
          "ro.build.tags": "release-keys",
          "ro.build.target_operator": "open",
          "ro.build.type": "user",
          "ro.build.update_version": "V1_2",
          "ro.build.user": "test",
          "ro.build.version.all_codenames": "REL",
          "ro.build.version.base_os": "HUAWEI/BLA-L29/HWBLA:9/HUAWEIBLA-L29S/258C185R1:user/release-keys",
          "ro.build.version.codename": "REL",
          "ro.build.version.emui": "EmotionUI_9.1.0",
          "ro.build.version.incremental": "300C782",
          "ro.build.version.min_supported_target_sdk": "17",
          "ro.build.version.preview_sdk": "0",
          "ro.build.version.release": "9",
          "ro.build.version.sdk": "28",
          "ro.build.version.security_patch": "2019-07-05",
          "ro.camera.cos_ttpic_supported": "false",
          "ro.camera.front_ai_default": "off",
          "ro.camera.master_ai_default": "off",
          "ro.camera_features_reduce_9.0": "false",
          "ro.carrier": "unknown",
          "ro.cdma.home.operator.numeric": "46003",
          "ro.check.modem_network": "true",
          "ro.cofig.onlinemusic.enabled": "false",
          "ro.com.google.acsa": "true",
          "ro.com.google.clientidbase": "android-huawei",
          "ro.com.google.clientidbase.ms": "android-huawei-rev1",
          "ro.com.google.gmsversion": "9_201903",
          "ro.com.google.rlz_ap_whitelist": "y0,y5,y6,y7",
          "ro.com.google.rlzbrandcode": "HWDA",
          "ro.comp.cust_version": "Cust-OVS 9.0.0.1(0001)",
          "ro.comp.hl.product_base_version": "BLA-LGRP2-OVS 9.1.0.300",
          "ro.comp.hl.product_cust_version": "BLA-L09-CUST 9.1.0.5(C782)",
          "ro.comp.hl.product_preload_version": "BLA-L09-PRELOAD 9.0.0.11(C782R1)",
          "ro.comp.preas_version": "Preas-OVS 9.1.0(0001)",
          "ro.comp.preas_version.full": "Preas-OVS 9.1.0(P)",
          "ro.comp.preavs_version": "Preavs 9.1.0(0000)",
          "ro.comp.preavs_version.full": "Preavs 9.1.0(P)",
          "ro.comp.product_version": "Product-BLA-LGRP2-OVS 9.1.0(0000)",
          "ro.comp.sys_support_vndk": "",
          "ro.comp.system_version": "System 9.1.0.040(04FX)",
          "ro.comp.version_version": "Version-BLA-L09-782000 9.1.0(0003)",
          "ro.confg.hw_base_userdataversion": "BASE_DATA",
          "ro.confg.hw_preload_userdataversion": "PRELOAD_DATA",
          "ro.confg.hw_systemversion": "System 9.1.0.040(04FX)",
          "ro.confg.hw_version_userdataversion": "VERSION_DATA",
          "ro.config.CphsOnsEnabled": "false",
          "ro.config.SupportSdcard": "false",
          "ro.config.a2dp_lowLatency": "true",
          "ro.config.alarm_alert": "Forest_Melody.ogg",
          "ro.config.amr_wb_show_hd": "true",
          "ro.config.app_big_icon_size": "160",
          "ro.config.argesture_enable": "0",
          "ro.config.arobject_enable": "0",
          "ro.config.attach_apn_enabled": "true",
          "ro.config.attach_ip_type": "IPV4V6",
          "ro.config.auto_display_mode": "true",
          "ro.config.auto_hide_operatorname": "true",
          "ro.config.backcolor": "grey",
          "ro.config.beta_sec_ctrl": "false",
          "ro.config.blight_power_curve": "50,1;100,0.8;200,0.6;300,0.6;350,0.8;380,1",
          "ro.config.carkitmodenotif": "true",
          "ro.config.cdma_quiet": "true",
          "ro.config.cl_volte_autoswitch": "true",
          "ro.config.colorTemperature_3d": "true",
          "ro.config.colorTemperature_K3": "true",
          "ro.config.cota.opkey": "23415F01",
          "ro.config.cota_live_update": "true",
          "ro.config.custom_short_codes": "true",
          "ro.config.data_preinstalled": "true",
          "ro.config.default_sms_app": "com.android.mms",
          "ro.config.delay_setapn": "true",
          "ro.config.delay_updatename": "true",
          "ro.config.demo_allow_pwd": "false",
          "ro.config.device_time_for_mms": "true",
          "ro.config.devicecolor": "black",
          "ro.config.disable_reset_by_mdm": "true",
          "ro.config.display_nighthota": "true",
          "ro.config.dropdown_on_keyguard": "false",
          "ro.config.dsds_mode": "umts_gsm",
          "ro.config.dualimsi.disableap": "true",
          "ro.config.empty.package": "true",
          "ro.config.enable_iaware": "true",
          "ro.config.enable_perfhub_fling": "true",
          "ro.config.enable_rcc": "true",
          "ro.config.enable_thermal_bdata": "true",
          "ro.config.enable_typec_earphone": "true",
          "ro.config.face_recognition": "true",
          "ro.config.face_smart_keepon": "false",
          "ro.config.face_smart_rotation": "false",
          "ro.config.fast_switch_simslot": "false",
          "ro.config.fdn.preload": "true",
          "ro.config.fdn.restrict.ds": "true",
          "ro.config.finger_joint": "true",
          "ro.config.force_auto_plmn": "20815",
          "ro.config.fp_navigation": "true",
          "ro.config.full_network_support": "false",
          "ro.config.gallery_story_disable": "false",
          "ro.config.gameassist": "1",
          "ro.config.gameassist_voipopt": "true",
          "ro.config.hide_meminfo": "false",
          "ro.config.hisi_cdma_supported": "true",
          "ro.config.hpx_m6m8_support": "true",
          "ro.config.huawei_smallwindow": "682,0,1080,2160",
          "ro.config.hw.BH_defaultlanguage": "true",
          "ro.config.hw.region": "eu",
          "ro.config.hw.security_volume": "8",
          "ro.config.hw_BatteryLevel_job_allowed": "92",
          "ro.config.hw_OptiDBConfig": "true",
          "ro.config.hw_ReduceSAR": "false",
          "ro.config.hw_agps_adpt_sim": "true",
          "ro.config.hw_allow_rs_mms": "true",
          "ro.config.hw_always_allow_mms": "6",
          "ro.config.hw_bluetooth_is_auto_scan": "false",
          "ro.config.hw_camera_nfc_switch": "true",
          "ro.config.hw_charge_frz": "true",
          "ro.config.hw_cota": "false",
          "ro.config.hw_custverdisplay": "true",
          "ro.config.hw_delay_detach_time": "5",
          "ro.config.hw_dsdspowerup": "false",
          "ro.config.hw_dts_settings": "true",
          "ro.config.hw_eapsim": "true",
          "ro.config.hw_easywakeup": "false",
          "ro.config.hw_eccNumUseRplmn": "true",
          "ro.config.hw_ecc_with_sim_card": "true",
          "ro.config.hw_em_solution_ver": "B040",
          "ro.config.hw_emcom": "true",
          "ro.config.hw_emui_desktop_mode": "true",
          "ro.config.hw_emui_dp_pc_mode": "true",
          "ro.config.hw_emui_wfd_pc_mode": "true",
          "ro.config.hw_globalEcc": "true",
          "ro.config.hw_glovemode_enabled": "1",
          "ro.config.hw_hideSimIcon": "false",
          "ro.config.hw_hotswap_on": "true",
          "ro.config.hw_icon_supprot_cut": "false",
          "ro.config.hw_imei_sv_enable": "true",
          "ro.config.hw_imei_sv_show_two": "true",
          "ro.config.hw_is_pre_post_pay": "true",
          "ro.config.hw_low_ram": "false",
          "ro.config.hw_lte_release": "true",
          "ro.config.hw_lte_support": "true",
          "ro.config.hw_media_flags": "1",
          "ro.config.hw_mg_copyright": "false",
          "ro.config.hw_mo_num_update": "true",
          "ro.config.hw_multiscreen": "false",
          "ro.config.hw_navbar_is_black": "true",
          "ro.config.hw_navigationbar": "true",
          "ro.config.hw_newsimple": "true",
          "ro.config.hw_nfc_def_route": "2",
          "ro.config.hw_nfc_msimce": "true",
          "ro.config.hw_nfc_on": "true",
          "ro.config.hw_omacp": "1",
          "ro.config.hw_opta": "782",
          "ro.config.hw_optb": "826",
          "ro.config.hw_power_saving": "true",
          "ro.config.hw_power_voice_key": "true",
          "ro.config.hw_rcs_product": "true",
          "ro.config.hw_rcs_vendor": "true",
          "ro.config.hw_screen_aspect": "2160:1920:1080",
          "ro.config.hw_sensorhub": "true",
          "ro.config.hw_showSimName": "true",
          "ro.config.hw_show_mmiError": "true",
          "ro.config.hw_show_no_sim": "false",
          "ro.config.hw_sim2airplane": "false",
          "ro.config.hw_singlehand": "1",
          "ro.config.hw_srlte": "true",
          "ro.config.hw_ss_toast": "true",
          "ro.config.hw_support_clone_app": "true",
          "ro.config.hw_support_geofence": "true",
          "ro.config.hw_support_vm_ecc": "true",
          "ro.config.hw_switchdata_4G": "false",
          "ro.config.hw_sws": "true",
          "ro.config.hw_tint": "true",
          "ro.config.hw_updateCA_bycell": "false",
          "ro.config.hw_updateCotaPara": "true",
          "ro.config.hw_useCtrlSocket": "true",
          "ro.config.hw_use_browser_ua": "http://wap1.huawei.com/uaprof/HUAWEI_%s_UAProfile.xml",
          "ro.config.hw_vcardBase64": "true",
          "ro.config.hw_voicemail_sim": "true",
          "ro.config.hw_volte_dyn": "true",
          "ro.config.hw_volte_icon_rule": "0",
          "ro.config.hw_volte_on": "true",
          "ro.config.hw_vowifi_mmsut": "true",
          "ro.config.hw_vtlte_on": "true",
          "ro.config.hw_wakeup_device": "true",
          "ro.config.hw_watermark": "false",
          "ro.config.hw_wfd_optimize": "true",
          "ro.config.hw_wifibridge": "true",
          "ro.config.hwsync_enabled": "true",
          "ro.config.hwtheme": "1",
          "ro.config.ipv4.mtu": "1400",
          "ro.config.keyguard_unusedata": "false",
          "ro.config.light_ratio_max": "230",
          "ro.config.limit_lcd_manual": "true",
          "ro.config.linkplus.liveupdate": "true",
          "ro.config.marketing_name": "HUAWEI Mate 10 Pro",
          "ro.config.new_hw_screen_aspect": "2160:2040:1080",
          "ro.config.nfc_hasese": "true",
          "ro.config.not_merge_time_location": "true",
          "ro.config.notification_sound": "Bongo.ogg",
          "ro.config.notify_volume_factor": "-6",
          "ro.config.ota_update_theme": "9",
          "ro.config.pg_beta_lowpower": "true",
          "ro.config.pg_close_notkeysock": "true",
          "ro.config.pg_unify_app_5min": "true",
          "ro.config.pg_unify_push_5min": "true",
          "ro.config.phone_findback_net": "false",
          "ro.config.plmn_to_settings": "true",
          "ro.config.pureAndroidSecNotify": "false",
          "ro.config.readiccid_switch": "true",
          "ro.config.region_phone_feature": "true",
          "ro.config.ringtone": "Huawei_Tune_Living.ogg",
          "ro.config.ringtone2": "Huawei_Tune_Clean.ogg",
          "ro.config.rom_update": "true",
          "ro.config.safety_certification": "FCC,CE",
          "ro.config.show_always_mms_ui": "true",
          "ro.config.show_am_pm": "true",
          "ro.config.show_auto_brightness": "true",
          "ro.config.show_bt_porsche_car": "false",
          "ro.config.show_data_act_all_apn": "true",
          "ro.config.show_epg_menu": "false",
          "ro.config.show_full_month": "true",
          "ro.config.show_high_consume": "true",
          "ro.config.show_vmail_number": "true",
          "ro.config.small_cover_size": "_401x1920",
          "ro.config.sn_main_page": "true",
          "ro.config.soft_single_navi": "true",
          "ro.config.spare_ntp_server": "ntp.sjtu.edu.cn,time.windows.com,time.nist.gov,1.cn.pool.ntp.org",
          "ro.config.step_count_show": "true",
          "ro.config.sup_lte_high_speed": "true",
          "ro.config.support_aod": "1",
          "ro.config.support_ca": "false",
          "ro.config.support_face_mode": "1",
          "ro.config.support_iseapp": "true",
          "ro.config.support_notification_way": "true",
          "ro.config.support_one_time_hota": "true",
          "ro.config.support_privacyspace": "true",
          "ro.config.support_sdcard_crypt": "false",
          "ro.config.switchPrimaryVolume": "true",
          "ro.config.swsAlwaysActiveForSPK": "true",
          "ro.config.sws_apk_hptype": "1",
          "ro.config.sws_version": "0400",
          "ro.config.third_key_provider": "kukong",
          "ro.config.toolorder": "0,2,1,3,4",
          "ro.config.touch.head_down": "false",
          "ro.config.updatelocation": "true",
          "ro.config.use_google_smartlock": "true",
          "ro.config.ussd_linkify": "true",
          "ro.config.vm_prioritymode": "2",
          "ro.config.widevine_level3": "true",
          "ro.config.wifi_fast_bss_enable": "true",
          "ro.connectivity.chiptype": "bcm43xx",
          "ro.connectivity.sub_chiptype": "bcm4359",
          "ro.control.sleeplog": "true",
          "ro.crypto.state": "encrypted",
          "ro.crypto.type": "file",
          "ro.cust.cdrom": "/data/hw_init/product/region_comm/oversea/cdrom/autorun.iso",
          "ro.dalvik.vm.native.bridge": "0",
          "ro.debuggable": "0",
          "ro.device_owner": "false",
          "ro.dts.licensepath": "/product/etc/dts/",
          "ro.dual.sim.phone": "false",
          "ro.expect.recovery_id": "0x6d17d9bcac21d1a335184bba2f36ae645c35f31f000000000000000000000000",
          "ro.facebook.partnerid": "vodafone:467ff1b4-cd51-4a99-b4ba-d93fc1ba508b",
          "ro.feature.display_screensaver_lite": "false",
          "ro.feature.gallery.edit_illusion_enable": "true",
          "ro.feature.gallery.hide_album_enable": "true",
          "ro.feature.gallery.slide_show_enable": "true",
          "ro.feature.hwcamera.dsl.panorama3d": "0",
          "ro.feature.launcher.long_click_enter_edit_mode": "true",
          "ro.feature.launcher.setting_cycle_keep": "true",
          "ro.feature.mobile_network_sharing_lite": "false",
          "ro.feature.show_backfp_function": "true",
          "ro.feature.weather.add_no_update_item": "true",
          "ro.frp.pst": "/dev/block/bootdevice/by-name/frp",
          "ro.game.low_audio_effect": "false",
          "ro.hardware": "kirin970",
          "ro.hardware.audio.primary": "hisi",
          "ro.huawei.cust.drm.fl_only": "false",
          "ro.huawei.cust.oma": "true",
          "ro.huawei.cust.oma_drm": "true",
          "ro.huawei.remount.check": "0",
          "ro.hw.base_all_groupversion": "G1.0",
          "ro.hw.country": "uk",
          "ro.hw.custPath": "/version/cust/vodafone/uk",
          "ro.hw.cust_all_groupversion": "G1.0",
          "ro.hw.hota.is_hwinit_cust_exists": "true",
          "ro.hw.hota.is_hwinit_exists": "true",
          "ro.hw.hota.is_hwinit_preload_exists": "false",
          "ro.hw.ipv6opt": "true",
          "ro.hw.ipv6timeout": "1900",
          "ro.hw.mirrorlink.enable": "true",
          "ro.hw.oemName": "BLA-L09",
          "ro.hw.preload_all_groupversion": "G1.0",
          "ro.hw.vendor": "vodafone",
          "ro.hwcamera.def_beauty_level": "0",
          "ro.hwcamera.default_back_mode": "com.huawei.camera2.mode.photo.PhotoMode",
          "ro.hwcamera.flashoff": "0",
          "ro.hwcamera.frontzoom_enable": "1",
          "ro.hwcamera.modesuggest_enable": "true",
          "ro.hwcamera.portrait_mode": "off",
          "ro.hwcamera.recognition_enable": "1",
          "ro.hwcamera.reduce_resolution": "false",
          "ro.hwcamera.use.videosize.1080p": "true",
          "ro.hwtracking.com.booking": "huawei_preload_default",
          "ro.hwtracking.com.google.android.apps.docs.editors.docs": "huawei_preload_default",
          "ro.hwtracking.com.google.android.apps.docs.editors.sheets": "huawei_preload_default",
          "ro.hwtracking.com.google.android.apps.docs.editors.slides": "huawei_preload_default",
          "ro.launcher_features_reduce_9.0": "false",
          "ro.logd.kernel": "false",
          "ro.logd.size.stats": "64K",
          "ro.logsystem.usertype": "6",
          "ro.magic.api.version": "0.1",
          "ro.oba.version": "20190629202647_OBA_VERSION",
          "ro.odm.build.fingerprint": "Huawei/Boston/Boston_BLA-L09:9/PPR1.180610.011/20190629202636:user/release-keys",
          "ro.oem.key1": "R1",
          "ro.oem_unlock_supported": "1",
          "ro.opa.eligible_device": "true",
          "ro.opengles.version": "196610",
          "ro.patch.baseline.version": "2.0",
          "ro.product.CustCVersion": "C782",
          "ro.product.VendorCountry": "vodafone/gb",
          "ro.product.board": "BLA",
          "ro.product.brand": "HUAWEI",
          "ro.product.cpu.abi": "arm64-v8a",
          "ro.product.cpu.abilist": "arm64-v8a,armeabi-v7a,armeabi",
          "ro.product.cpu.abilist32": "armeabi-v7a,armeabi",
          "ro.product.cpu.abilist64": "arm64-v8a",
          "ro.product.cuptsm": "HUAWEI|ESE|01|10",
          "ro.product.device": "HWBLA",
          "ro.product.fingerprintName": "HUAWEI-Z106",
          "ro.product.first_api_level": "26",
          "ro.product.hardwareversion": "HL1BLAM",
          "ro.product.imeisv": "60",
          "ro.product.locale": "en-GB",
          "ro.product.locale.language": "en",
          "ro.product.locale.region": "US",
          "ro.product.manufacturer": "HUAWEI",
          "ro.product.model": "BLA-L09",
          "ro.product.name": "BLA-L09",
          "ro.product.odm.brand": "Huawei",
          "ro.product.odm.device": "Boston",
          "ro.product.odm.name": "Boston",
          "ro.product.vendor.brand": "kirin970",
          "ro.product.vendor.device": "kirin970",
          "ro.product.vendor.manufacturer": "HUAWEI",
          "ro.product.vendor.model": "kirin970",
          "ro.product.vendor.name": "kirin970",
          "ro.product.wallet.nfc": "01|02|HUAWEI|01|02|01",
          "ro.prop.hwkeychain_switch": "true",
          "ro.property_service.version": "2",
          "ro.quick_broadcast_cardstatus": "false",
          "ro.readfastboot": "0",
          "ro.revision": "0",
          "ro.ril.ecclist": "112,911,#911,*911",
          "ro.runmode": "normal",
          "ro.secure": "1",
          "ro.serialno": "GAB7N17B24003474",
          "ro.setupwizard.mode": "OPTIONAL",
          "ro.setupwizard.wifi_on_exit": "false",
          "ro.sf.lcd_density": "480",
          "ro.sys.pg_nfb_kill": "true",
          "ro.sys.powerup_reason": "NORMAL",
          "ro.syssvccallrecord.enable": "true",
          "ro.telephony.default_network": "9",
          "ro.treble.enabled": "true",
          "ro.vendor.build.date": "Sat Jun 29 20:27:47 CST 2019",
          "ro.vendor.build.date.utc": "1561811267",
          "ro.vendor.build.fingerprint": "kirin970/kirin970/kirin970:9/PPR1.180610.011/root201906292026:user/release-keys",
          "ro.vendor.build.security_patch": "2018-06-19",
          "ro.vndk.version": "28",
          "ro.wifi.channels": "",
          "ro.zygote": "zygote64_32",
          "security.perf_harden": "1",
          "selinux.restorecon_recursive": "/data/misc_ce/0",
          "service.bootanim.exit": "1",
          "service.bootanim.stop": "1",
          "service.sf.present_timestamp": "1",
          "setupwizard.feature.predeferred_enabled": "false",
          "sys.2dsdr.pkgname": "*",
          "sys.2dsdr.startratio": "1.0",
          "sys.aps.support": "34177027",
          "sys.aps.version": "5.1.2-9.0.1.34",
          "sys.boot.reason": "reboot,huawei_reboot",
          "sys.boot_completed": "1",
          "sys.current_backlight": "941",
          "sys.defaultapn.enabled": "true",
          "sys.fingerprint.deviceId": "0",
          "sys.hisi.pmom.service.enable": "false",
          "sys.huawei.thermal.enable": "true",
          "sys.hw_boot_success": "1",
          "sys.hwsholder.count": "0",
          "sys.iaware.cpuset.screenoff.bg": "0-3",
          "sys.iaware.cpuset.screenoff.boost": "0-7",
          "sys.iaware.cpuset.screenoff.fg": "0-7",
          "sys.iaware.cpuset.screenoff.kbg": "0-3",
          "sys.iaware.cpuset.screenoff.sysbg": "0-3",
          "sys.iaware.cpuset.screenoff.taboost": "",
          "sys.iaware.cpuset.screenoff.topapp": "0-7",
          "sys.iaware.cpuset.screenon.bg": "2-3",
          "sys.iaware.cpuset.screenon.boost": "4-7",
          "sys.iaware.cpuset.screenon.fg": "0-7",
          "sys.iaware.cpuset.screenon.kbg": "2-3,7",
          "sys.iaware.cpuset.screenon.sysbg": "0-3",
          "sys.iaware.cpuset.screenon.taboost": "4-7",
          "sys.iaware.cpuset.screenon.topapp": "0-7",
          "sys.iaware.cpuset.vron.bg": "0-2",
          "sys.iaware.cpuset.vron.boost": "4-7",
          "sys.iaware.cpuset.vron.fg": "0-2,4-7",
          "sys.iaware.cpuset.vron.kbg": "0-2",
          "sys.iaware.cpuset.vron.sysbg": "0-2",
          "sys.iaware.cpuset.vron.taboost": "",
          "sys.iaware.cpuset.vron.topapp": "0-7",
          "sys.iaware.eas.on": "true",
          "sys.iaware.empty_app_percent": "50",
          "sys.iaware.switch_set_success": "true",
          "sys.iaware.type": "1",
          "sys.iswifihotspoton": "false",
          "sys.logbootcomplete": "1",
          "sys.oem_unlock_allowed": "1",
          "sys.pg.pre_rescue_boot_count": "1",
          "sys.refresh.dirty": "1",
          "sys.rescue_boot_count": "1",
          "sys.resettype": "normal:COLDBOOT",
          "sys.retaildemo.enabled": "0",
          "sys.runtime_data.hiddenapi.enable": "true",
          "sys.settingsprovider_ready": "1",
          "sys.show_google_nlp": "true",
          "sys.super_power_save": "false",
          "sys.sysctl.extra_free_kbytes": "61440",
          "sys.sysctl.tcp_def_init_rwnd": "60",
          "sys.thermal.vr_fps": "0",
          "sys.thermal.vr_ratio_height": "0",
          "sys.thermal.vr_ratio_width": "0",
          "sys.thermal.vr_warning_level": "0",
          "sys.uidcpupower": "",
          "sys.usb.config": "hisuite,mtp,mass_storage,adb,hdb",
          "sys.usb.configfs": "1",
          "sys.usb.controller": "ff100000.dwc3",
          "sys.usb.ffs.ready": "1",
          "sys.usb.ffs_hdb.ready": "1",
          "sys.usb.mtp.device_type": "3",
          "sys.usb.state": "hisuite,mtp,mass_storage,adb,hdb",
          "sys.user.0.ce_available": "true",
          "system_init.hwextdeviceservice": "1",
          "vold.crypto_unencrypt_updatedir": "/data/update",
          "vold.cryptsd.keystate": "lock",
          "vold.has_adoptable": "0",
          "vold.has_quota": "0",
          "vold.has_reserved": "1",
          "vold.post_fs_data_done": "1",
          "wifi.direct.interface": "p2p-dev-wlan0",
          "wifi.interface": "wlan0"
        }
      },
      "platform": {
        "model": "BLA-L09",
        "name": "HUAWEI BLA-L09",
        "vendor": "HUAWEI"
      },
      "platform_misc": {
        "adb_params": {
          "bastet.service.enable": "true",
          "bg_fsck.pgid": "399",
          "bt.dpbap.enable": "1",
          "bt.max.hfpclient.connections": "2",
          "config.disable_consumerir": "true",
          "dalvik.vm.appimageformat": "lz4",
          "dalvik.vm.boot-dex2oat-threads": "4",
          "dalvik.vm.checkjni": "false",
          "dalvik.vm.dex2oat-Xms": "64m",
          "dalvik.vm.dex2oat-Xmx": "512m",
          "dalvik.vm.dex2oat-minidebuginfo": "true",
          "dalvik.vm.dex2oat-threads": "4",
          "dalvik.vm.dexopt.secondary": "true",
          "dalvik.vm.heapgrowthlimit": "384m",
          "dalvik.vm.heapmaxfree": "8m",
          "dalvik.vm.heapminfree": "2m",
          "dalvik.vm.heapsize": "512m",
          "dalvik.vm.heapstartsize": "8m",
          "dalvik.vm.heaptargetutilization": "0.75",
          "dalvik.vm.image-dex2oat-Xms": "64m",
          "dalvik.vm.image-dex2oat-Xmx": "64m",
          "dalvik.vm.image-dex2oat-threads": "4",
          "dalvik.vm.isa.arm.features": "default",
          "dalvik.vm.isa.arm.variant": "cortex-a15",
          "dalvik.vm.isa.arm64.features": "default",
          "dalvik.vm.isa.arm64.variant": "generic",
          "dalvik.vm.stack-trace-dir": "/data/anr",
          "dalvik.vm.stack-trace-file": "/data/anr/traces.txt",
          "dalvik.vm.usejit": "true",
          "dalvik.vm.usejitprofiles": "true",
          "debug.aps.current_battery": "100",
          "debug.aps.enable": "0",
          "debug.aps.lcd_fps_scence": "60",
          "debug.aps.process.name": "",
          "debug.aps.scene_num": "5",
          "debug.atrace.tags.enableflags": "0",
          "debug.force_rtl": "0",
          "debug.sf.disable_backpressure": "1",
          "debug.sf.latch_unsignaled": "1",
          "dev.action_boot_completed": "true",
          "dev.bootcomplete": "1",
          "drm.service.enabled": "true",
          "fw.max_users": "4",
          "fw.show_multiuserui": "1",
          "gsm.RBActivated0": "",
          "gsm.check_is_single_pdp": "false",
          "gsm.current.phone-type": "1",
          "gsm.data.gsm_only_not_allow_ps": "false",
          "gsm.default.apn": "",
          "gsm.defaultpdpcontext.active": "true",
          "gsm.huawei.RemindDataService": "false",
          "gsm.hw.cust.ecclist": "",
          "gsm.hw.fdn.activated1": "false",
          "gsm.hw.fdn.ps.flag.exists1": "false",
          "gsm.hw.matchnum": "10",
          "gsm.hw.matchnum.short": "10",
          "gsm.hw.matchnum.vmn_shortcode": "0",
          "gsm.hw.operator.iso-country": "gb",
          "gsm.hw.operator.isroaming": "false",
          "gsm.hw.operator.numeric": "23415",
          "gsm.hw.operator.numeric.old": "23415",
          "gsm.multipdp.plmn.matched": "false",
          "gsm.network.type": "LTE",
          "gsm.nitz.time": "1570801102026",
          "gsm.nitz.timereference": "2164537167",
          "gsm.nvcfg.resetrild": "0",
          "gsm.nvcfg.rildrestarting": "0",
          "gsm.operator.alpha": "vodafone UK",
          "gsm.operator.iso-country": "gb",
          "gsm.operator.isroaming": "false",
          "gsm.operator.numeric": "23415",
          "gsm.rssi.sim1": "-90",
          "gsm.sigcust.configured": "true",
          "gsm.sim.hw_atr": "3B9F95801FC78031E073FE2113574A33052D323400BC",
          "gsm.sim.num.pin": "3",
          "gsm.sim.num.pin2": "3",
          "gsm.sim.num.puk": "10",
          "gsm.sim.num.puk2": "10",
          "gsm.sim.num.simlock": "-1,-1,-1,-1",
          "gsm.sim.operator.alpha": "",
          "gsm.sim.operator.iso-country": "gb",
          "gsm.sim.operator.numeric": "23415",
          "gsm.sim.preiccid_0": "8944100",
          "gsm.sim.state": "LOADED",
          "gsm.sim.updatenitz": "0",
          "gsm.sim1.type": "20",
          "gsm.slot1.num.pin1": "3",
          "gsm.slot1.num.pin2": "3",
          "gsm.slot1.num.puk1": "10",
          "gsm.slot1.num.puk2": "10",
          "gsm.sms.coding.national": "0",
          "gsm.sms.max.message.size": "307200",
          "gsm.sms.to.mms.textthreshold": "11",
          "gsm.version.baseband": "21C20B369S009C000",
          "gsm.version.ril-impl": "android infineon balong-ril 1.0",
          "hilog.tag": "I",
          "hw.hicure.dns_fail_count": "1077",
          "hw.lcd.density": "480",
          "hw.pc.support.app.projection": "true",
          "hw.wifi.dns_stat": "90,0,188,1,2803",
          "hw.wifipro.dns_fail_count": "3346",
          "hw.wifipro.uid_dns_fail_count": "10113-4/10067-40/10059-10/10232-1/1001-66/10104-12/10020-65/1000-88",
          "hwouc.hwpatch.version": "",
          "hwservicemanager.ready": "true",
          "init.svc.CameraDaemon": "running",
          "init.svc.ITouchservice": "running",
          "init.svc.activityrecognition_1_1": "running",
          "init.svc.adbd": "running",
          "init.svc.applogcat": "stopped",
          "init.svc.aptouch": "running",
          "init.svc.audioserver": "running",
          "init.svc.bastetd": "running",
          "init.svc.bootanim": "stopped",
          "init.svc.cameraserver": "running",
          "init.svc.chargelogcat": "stopped",
          "init.svc.chargemonitor": "stopped",
          "init.svc.cust_from_init": "stopped",
          "init.svc.display-hal-1-0": "running",
          "init.svc.displayeffect-1-2": "running",
          "init.svc.displayengine-hal-1-2": "running",
          "init.svc.dpeservice": "running",
          "init.svc.drm": "running",
          "init.svc.dubai-hal-1-1": "running",
          "init.svc.dubaid": "running",
          "init.svc.emcomd": "running",
          "init.svc.eventslogcat": "stopped",
          "init.svc.face_hal": "running",
          "init.svc.fps_hal_ext": "running",
          "init.svc.fusd": "running",
          "init.svc.gatekeeperd": "running",
          "init.svc.gpsdaemon": "stopped",
          "init.svc.gpuassistant": "running",
          "init.svc.hal_gnss_service_1-2": "running",
          "init.svc.hdbd": "running",
          "init.svc.health-hal-2-0": "running",
          "init.svc.healthd": "running",
          "init.svc.hiaiserver": "running",
          "init.svc.hiapplogcat": "stopped",
          "init.svc.hidl_memory": "running",
          "init.svc.hilog": "stopped",
          "init.svc.hinetmanager": "running",
          "init.svc.hisecd": "running",
          "init.svc.hisupl_service": "running",
          "init.svc.hiview": "running",
          "init.svc.hivrar-hal-1-3": "running",
          "init.svc.hivrarserver": "running",
          "init.svc.hivwserver": "running",
          "init.svc.hostapd": "stopped",
          "init.svc.hw_ueventd": "running",
          "init.svc.hwemerffu": "stopped",
          "init.svc.hwfactoryinterface-hal-1-1": "running",
          "init.svc.hwfs-hal-1-0": "running",
          "init.svc.hwhfd": "stopped",
          "init.svc.hwhiview-hal-1-0": "running",
          "init.svc.hwinit_check": "stopped",
          "init.svc.hwnffearly": "stopped",
          "init.svc.hwpged": "running",
          "init.svc.hwsched-1-0": "running",
          "init.svc.hwsecurity-hal": "running",
          "init.svc.hwservicemanager": "running",
          "init.svc.iGraphicsservice": "running",
          "init.svc.iked": "running",
          "init.svc.incidentd": "running",
          "init.svc.inputlogcat": "stopped",
          "init.svc.installd": "running",
          "init.svc.ir-hal-1-0": "running",
          "init.svc.irqbalance": "running",
          "init.svc.irsl-hal-1-0": "running",
          "init.svc.isplogcat": "stopped",
          "init.svc.jpegdec-1-0": "running",
          "init.svc.keystore": "running",
          "init.svc.kmsglogcat": "stopped",
          "init.svc.libteec-2-0": "running",
          "init.svc.light-ext-hal-2-0": "running",
          "init.svc.lmkd": "running",
          "init.svc.logd": "running",
          "init.svc.logd-reinit": "stopped",
          "init.svc.macaddr": "stopped",
          "init.svc.mdnsd": "stopped",
          "init.svc.media": "running",
          "init.svc.mediacomm@2.1-service": "running",
          "init.svc.mediadrm": "running",
          "init.svc.mediaextractor": "running",
          "init.svc.mediametrics": "running",
          "init.svc.modemchr_service": "running",
          "init.svc.motion-hal-1-0": "running",
          "init.svc.netd": "running",
          "init.svc.nfc_hal_ext_service": "running",
          "init.svc.odmf-data-chgrp": "stopped",
          "init.svc.oeminfo_nvm": "running",
          "init.svc.perfgenius-hal-2-0": "running",
          "init.svc.pmom": "running",
          "init.svc.power-hw-hal-1-0": "running",
          "init.svc.powerct": "stopped",
          "init.svc.powerlogd": "running",
          "init.svc.restart_xlogcat_service": "stopped",
          "init.svc.rillogcat": "stopped",
          "init.svc.secure_element_hal_service": "running",
          "init.svc.sensors-hal-1-0_hw": "running",
          "init.svc.servicemanager": "running",
          "init.svc.shlogd": "stopped",
          "init.svc.sleeplogcat": "stopped",
          "init.svc.statsd": "running",
          "init.svc.storage_info": "running",
          "init.svc.storaged": "running",
          "init.svc.surfaceflinger": "running",
          "init.svc.teeauth": "running",
          "init.svc.teecd": "running",
          "init.svc.teelogcat": "stopped",
          "init.svc.thermal-daemon": "running",
          "init.svc.thermalservice": "running",
          "init.svc.tombstoned": "running",
          "init.svc.tp-hal-1-0": "running",
          "init.svc.ueventd": "running",
          "init.svc.uniperf-hal-1-0": "running",
          "init.svc.unrmd": "running",
          "init.svc.usbd": "stopped",
          "init.svc.vibrator-HW-1-0": "running",
          "init.svc.vndservicemanager": "running",
          "init.svc.vold": "running",
          "init.svc.wifi_ext": "running",
          "init.svc.wificond": "running",
          "init.svc.wpa_supplicant": "running",
          "init.svc.xlogcat_service": "stopped",
          "init.svc.xlogctl_service": "stopped",
          "init.svc.zygote": "running",
          "init.svc.zygote_secondary": "running",
          "keyguard.no_require_sim": "true",
          "log.tag.stats_log": "I",
          "net.bt.name": "Android",
          "net.hostname": "HUAWEI_Mate_10_Pro-b43d92",
          "net.ntp.time": "1568636477304",
          "net.ntp.timereference": "17299",
          "net.qtaguid_enabled": "1",
          "net.rmnet0.dns1": "10.206.128.1",
          "net.tcp.default_init_rwnd": "60",
          "net.wifi.selfcuring": "0",
          "nfc.initialized": "true",
          "nfc.node": "/dev/pn544",
          "odm.drm.stop": "false",
          "persist.bt.max.a2dp.connections": "2",
          "persist.config.hw.lca.region": "inland",
          "persist.enable_task_snapshots": "true",
          "persist.huawei.touch_move_opt": "1",
          "persist.huawei.touch_vsync_opt": "1",
          "persist.huawei.touchevent_opt": "1",
          "persist.iaware.mem_emerg_kill": "true",
          "persist.jank.gameskip": "true",
          "persist.kirin.alloc_buffer_sync": "true",
          "persist.kirin.texture_cache_opt": "1",
          "persist.radio.airmode_sim0": "false",
          "persist.radio.airplane_mode_on": "0",
          "persist.radio.apm_sim_not_pwdn": "1",
          "persist.radio.chr.apreset": "false",
          "persist.radio.commril_mode": "HISI_CGUL_MODE",
          "persist.radio.cota_version": "_C782__",
          "persist.radio.cur_apn_name": "wap.vodafone.co.uk",
          "persist.radio.cur_apn_type": "default",
          "persist.radio.cur_attach_apn": "wap.vodafone.co.uk",
          "persist.radio.cur_attach_proto": "IP",
          "persist.radio.cur_dend_cause": "777",
          "persist.radio.current_real_id": "",
          "persist.radio.current_version": "BLA-L09 8.0.0.133(C782)",
          "persist.radio.defdualltecap": "0",
          "persist.radio.defdualsimltemenu": "true",
          "persist.radio.disconnectCode": "16",
          "persist.radio.dns.sub0": "10.203.64.1",
          "persist.radio.dualltecap": "0",
          "persist.radio.fast_switch_step": "0,0",
          "persist.radio.findmyphone": "0",
          "persist.radio.fixwapapn": "true",
          "persist.radio.force_load_nvcfg": "false",
          "persist.radio.force_load_nvcfg_1": "true",
          "persist.radio.lte_enabled": "true",
          "persist.radio.modem.cap": "09B9D52",
          "persist.radio.nitz_hw_name": "",
          "persist.radio.nv_bin_loaded_m0": "false",
          "persist.radio.nv_bin_loaded_m1": "false",
          "persist.radio.nvcfg_file": "VDF_GB.bin",
          "persist.radio.old_attach_apn": "",
          "persist.radio.old_attach_proto": "IPV4V6",
          "persist.radio.prefered_network": "9",
          "persist.radio.preiccid_0": "8944100",
          "persist.radio.previousopcode0": "23415",
          "persist.radio.procsetdata": "com.android.systemui",
          "persist.radio.request_shutdown": "true",
          "persist.radio.standby_mode": "mode_ulu",
          "persist.radio.sub_state_cfg": "1,1,1",
          "persist.radio.usersetdata": "true",
          "persist.service.hdb.enable": "true",
          "persist.service.tm2.tofile": "false",
          "persist.sys.addview.config": "1",
          "persist.sys.adoptable": "force_on",
          "persist.sys.appstart.enable": "true",
          "persist.sys.appstart.sync": "false",
          "persist.sys.aps.defaultWidth": "1080",
          "persist.sys.aps.firstboot": "0",
          "persist.sys.audio_mode": "0",
          "persist.sys.aware.compile.prop.num": "1",
          "persist.sys.aware.compile.prop.time": "1570737350",
          "persist.sys.boost.byeachfling": "true",
          "persist.sys.boost.durationms": "1000",
          "persist.sys.boost.skipframe": "3",
          "persist.sys.boot.reason": "reboot,huawei_reboot",
          "persist.sys.cpuset.enable": "1",
          "persist.sys.cpuset.subswitch": "863760",
          "persist.sys.dalvik.vm.lib.2": "libart.so",
          "persist.sys.devsched.subswitch": "765",
          "persist.sys.dualcards": "false",
          "persist.sys.enable_iaware": "true",
          "persist.sys.fast_h_duration": "2000",
          "persist.sys.fast_h_max": "50",
          "persist.sys.fingerpressnavi": "0",
          "persist.sys.fingersense": "1",
          "persist.sys.getvolumelist.cache": "true",
          "persist.sys.gms.uid": "10020,",
          "persist.sys.gps.lpp": "",
          "persist.sys.hardcoder.name": "resmon|16",
          "persist.sys.hiview.onekeycaptur": "0",
          "persist.sys.huawei.debug.on": "0",
          "persist.sys.hwGpsTimestamp": "1570778364328",
          "persist.sys.hwLastSystemTime": "1570778363934",
          "persist.sys.hwairplanestate": "com.android.deskclock",
          "persist.sys.hwpms_error_reboot_count": "0",
          "persist.sys.iaware.appboost.click_duration": "1000",
          "persist.sys.iaware.appboost.click_times": "3",
          "persist.sys.iaware.appboost.slide_duration": "5000",
          "persist.sys.iaware.appboost.slide_times": "16",
          "persist.sys.iaware.appboost.switch": "false",
          "persist.sys.iaware.appscenerecog.switch": "true",
          "persist.sys.iaware.appsdk": "true",
          "persist.sys.iaware.blitparallel": "true",
          "persist.sys.iaware.cpuenable": "true",
          "persist.sys.iaware.jpg_sample_adapt": "3",
          "persist.sys.iaware.size.BitmapDeocodeCache": "0",
          "persist.sys.iaware.switch.BitmapDeocodeCache": "false",
          "persist.sys.iaware.topimcn": "com.tencent.mm",
          "persist.sys.iaware.vsyncfirst": "true",
          "persist.sys.iaware_config_cust": "iaware_cust_BLA-L09_US_9_300C782.xml",
          "persist.sys.iaware_config_ver": "iaware_config_BLA-L09_US_9_300C782.xml",
          "persist.sys.install_no_quota": "1",
          "persist.sys.jankdb": "<10><400><400><400><400><400>",
          "persist.sys.jankenable": "true",
          "persist.sys.locale": "en-GB",
          "persist.sys.logsystem.coredump": "off",
          "persist.sys.logsystem.dataflow": "0",
          "persist.sys.logsystem.modem": "0",
          "persist.sys.logsystem.protohint": "0",
          "persist.sys.max_rdh_delay": "0",
          "persist.sys.mcc_match_fyrom": "23415",
          "persist.sys.navigationbar.mode": "0",
          "persist.sys.opkey0": "23415F01",
          "persist.sys.performance": "false",
          "persist.sys.powerup_reason": "NORMAL",
          "persist.sys.predns": "true",
          "persist.sys.preloads.file_cache_expired": "1",
          "persist.sys.profiler_ms": "0",
          "persist.sys.rog.height": "2160",
          "persist.sys.rog.width": "1080",
          "persist.sys.root.status": "0",
          "persist.sys.show_incallscreen": "0",
          "persist.sys.shut_alarm": "1 1570869000000",
          "persist.sys.smart_switch_enable": "false",
          "persist.sys.srms.enable": "true",
          "persist.sys.support_config_ash": "false",
          "persist.sys.timezone": "Europe/London",
          "persist.sys.uninstallapk": "1",
          "persist.sys.usb.capture": "false",
          "persist.sys.usb.config": "hisuite,mtp,mass_storage,adb,hdb",
          "persist.sys.volume.ringIndex": "0",
          "persist.sys.webview.vmsize": "124981040",
          "persist.sys.zen_mode": "0",
          "persist.thp.ver_dae": "bostonc10_alps/2.5.366",
          "pm.dexopt.ab-ota": "speed-profile",
          "pm.dexopt.bg-dexopt": "speed-profile",
          "pm.dexopt.boot": "verify",
          "pm.dexopt.first-boot": "quicken",
          "pm.dexopt.inactive": "verify",
          "pm.dexopt.install": "speed-profile",
          "pm.dexopt.priv-apps-oob": "false",
          "pm.dexopt.priv-apps-oob-list": "ALL",
          "pm.dexopt.shared": "speed",
          "reduce.sar.imsi.mnc": "234",
          "ril.ecclist": "112,911,999,112,911,911,112,999",
          "ril.force_to_set_ecc": "invalid",
          "ril.operator.numeric": "23415",
          "ro.actionable_compatible_property.enabled": "true",
          "ro.adb.btstatus": "valid",
          "ro.adb.secure": "1",
          "ro.allow.mock.location": "0",
          "ro.audio.gamescene_volume": "0.4",
          "ro.audio.offload_wakelock": "false",
          "ro.baseband": "unknown",
          "ro.blight.exempt_app_type": "-1,1,16,24",
          "ro.board.boardid": "6458",
          "ro.board.boardname": "BLANC_LX9_VN1_ANTI",
          "ro.board.modemid": "39012000",
          "ro.board.platform": "kirin970",
          "ro.booking.channel.path": "preload/BLA-L09/vodafone/uk/xml",
          "ro.boot.avb_version": "0.0",
          "ro.boot.boot_devices": "ff3c0000.ufs",
          "ro.boot.bootreason": "reboot,huawei_reboot",
          "ro.boot.dtbo_idx": "0",
          "ro.boot.flash.locked": "0",
          "ro.boot.hardware": "kirin970",
          "ro.boot.mode": "normal",
          "ro.boot.product.hardware.sku": "BLA-L09",
          "ro.boot.selinux": "enforcing",
          "ro.boot.serialno": "GAB7N17B24003474",
          "ro.boot.vbmeta.avb_version": "0.0",
          "ro.boot.vercnt1": "2",
          "ro.boot.verifiedbootstate": "orange",
          "ro.boot.veritymode": "enforcing",
          "ro.bootimage.build.date": "Thu Jun 27 16:55:15 CST 2019",
          "ro.bootimage.build.date.utc": "1561625715",
          "ro.bootimage.build.fingerprint": "Huawei/generic_a15/generic_a15:9/PPR1.180610.011/root201906271652:user/test-keys",
          "ro.bootloader": "unknown",
          "ro.bootmode": "normal",
          "ro.build.backtargetmode": "V2.0",
          "ro.build.characteristics": "default",
          "ro.build.date": "Thu Jun 27 16:52:30 CST 2019",
          "ro.build.date.utc": "1561625550",
          "ro.build.description": "BLA-L09-user 9.1.0 300-OVS-LGRP2 release-keys",
          "ro.build.display.id": "BLA-L09 9.1.0.300(C782E5R1P11)",
          "ro.build.fingerprint": "HUAWEI/BLA-L09/HWBLA:9/HUAWEIBLA-L09S/300C782:user/release-keys",
          "ro.build.hide": "false",
          "ro.build.hide.matchers": "BLA;HW;HWBLA;kirin970;HUAWEI;Heimdall-MP12;9.0.0",
          "ro.build.hide.replacements": "ERT;unknown;unknown;unknown;unknown;unknown;8.0.0",
          "ro.build.hide.settings": "8;1.8 GHz;2.0GB;11.00 GB;16.00 GB;1920 x 1080;5.1;3.10.30;3.1",
          "ro.build.host": "wh512943e341561622746172-935874224-sbtqf",
          "ro.build.hw_emui_api_level": "19",
          "ro.build.id": "HUAWEIBLA-L09S",
          "ro.build.preload_use_oemkey": "true",
          "ro.build.product": "BLA",
          "ro.build.soundrecorder.imgtag": "true",
          "ro.build.system_root_image": "true",
          "ro.build.tags": "release-keys",
          "ro.build.target_operator": "open",
          "ro.build.type": "user",
          "ro.build.update_version": "V1_2",
          "ro.build.user": "test",
          "ro.build.version.all_codenames": "REL",
          "ro.build.version.base_os": "HUAWEI/BLA-L29/HWBLA:9/HUAWEIBLA-L29S/258C185R1:user/release-keys",
          "ro.build.version.codename": "REL",
          "ro.build.version.emui": "EmotionUI_9.1.0",
          "ro.build.version.incremental": "300C782",
          "ro.build.version.min_supported_target_sdk": "17",
          "ro.build.version.preview_sdk": "0",
          "ro.build.version.release": "9",
          "ro.build.version.sdk": "28",
          "ro.build.version.security_patch": "2019-07-05",
          "ro.camera.cos_ttpic_supported": "false",
          "ro.camera.front_ai_default": "off",
          "ro.camera.master_ai_default": "off",
          "ro.camera_features_reduce_9.0": "false",
          "ro.carrier": "unknown",
          "ro.cdma.home.operator.numeric": "46003",
          "ro.check.modem_network": "true",
          "ro.cofig.onlinemusic.enabled": "false",
          "ro.com.google.acsa": "true",
          "ro.com.google.clientidbase": "android-huawei",
          "ro.com.google.clientidbase.ms": "android-huawei-rev1",
          "ro.com.google.gmsversion": "9_201903",
          "ro.com.google.rlz_ap_whitelist": "y0,y5,y6,y7",
          "ro.com.google.rlzbrandcode": "HWDA",
          "ro.comp.cust_version": "Cust-OVS 9.0.0.1(0001)",
          "ro.comp.hl.product_base_version": "BLA-LGRP2-OVS 9.1.0.300",
          "ro.comp.hl.product_cust_version": "BLA-L09-CUST 9.1.0.5(C782)",
          "ro.comp.hl.product_preload_version": "BLA-L09-PRELOAD 9.0.0.11(C782R1)",
          "ro.comp.preas_version": "Preas-OVS 9.1.0(0001)",
          "ro.comp.preas_version.full": "Preas-OVS 9.1.0(P)",
          "ro.comp.preavs_version": "Preavs 9.1.0(0000)",
          "ro.comp.preavs_version.full": "Preavs 9.1.0(P)",
          "ro.comp.product_version": "Product-BLA-LGRP2-OVS 9.1.0(0000)",
          "ro.comp.sys_support_vndk": "",
          "ro.comp.system_version": "System 9.1.0.040(04FX)",
          "ro.comp.version_version": "Version-BLA-L09-782000 9.1.0(0003)",
          "ro.confg.hw_base_userdataversion": "BASE_DATA",
          "ro.confg.hw_preload_userdataversion": "PRELOAD_DATA",
          "ro.confg.hw_systemversion": "System 9.1.0.040(04FX)",
          "ro.confg.hw_version_userdataversion": "VERSION_DATA",
          "ro.config.CphsOnsEnabled": "false",
          "ro.config.SupportSdcard": "false",
          "ro.config.a2dp_lowLatency": "true",
          "ro.config.alarm_alert": "Forest_Melody.ogg",
          "ro.config.amr_wb_show_hd": "true",
          "ro.config.app_big_icon_size": "160",
          "ro.config.argesture_enable": "0",
          "ro.config.arobject_enable": "0",
          "ro.config.attach_apn_enabled": "true",
          "ro.config.attach_ip_type": "IPV4V6",
          "ro.config.auto_display_mode": "true",
          "ro.config.auto_hide_operatorname": "true",
          "ro.config.backcolor": "grey",
          "ro.config.beta_sec_ctrl": "false",
          "ro.config.blight_power_curve": "50,1;100,0.8;200,0.6;300,0.6;350,0.8;380,1",
          "ro.config.carkitmodenotif": "true",
          "ro.config.cdma_quiet": "true",
          "ro.config.cl_volte_autoswitch": "true",
          "ro.config.colorTemperature_3d": "true",
          "ro.config.colorTemperature_K3": "true",
          "ro.config.cota.opkey": "23415F01",
          "ro.config.cota_live_update": "true",
          "ro.config.custom_short_codes": "true",
          "ro.config.data_preinstalled": "true",
          "ro.config.default_sms_app": "com.android.mms",
          "ro.config.delay_setapn": "true",
          "ro.config.delay_updatename": "true",
          "ro.config.demo_allow_pwd": "false",
          "ro.config.device_time_for_mms": "true",
          "ro.config.devicecolor": "black",
          "ro.config.disable_reset_by_mdm": "true",
          "ro.config.display_nighthota": "true",
          "ro.config.dropdown_on_keyguard": "false",
          "ro.config.dsds_mode": "umts_gsm",
          "ro.config.dualimsi.disableap": "true",
          "ro.config.empty.package": "true",
          "ro.config.enable_iaware": "true",
          "ro.config.enable_perfhub_fling": "true",
          "ro.config.enable_rcc": "true",
          "ro.config.enable_thermal_bdata": "true",
          "ro.config.enable_typec_earphone": "true",
          "ro.config.face_recognition": "true",
          "ro.config.face_smart_keepon": "false",
          "ro.config.face_smart_rotation": "false",
          "ro.config.fast_switch_simslot": "false",
          "ro.config.fdn.preload": "true",
          "ro.config.fdn.restrict.ds": "true",
          "ro.config.finger_joint": "true",
          "ro.config.force_auto_plmn": "20815",
          "ro.config.fp_navigation": "true",
          "ro.config.full_network_support": "false",
          "ro.config.gallery_story_disable": "false",
          "ro.config.gameassist": "1",
          "ro.config.gameassist_voipopt": "true",
          "ro.config.hide_meminfo": "false",
          "ro.config.hisi_cdma_supported": "true",
          "ro.config.hpx_m6m8_support": "true",
          "ro.config.huawei_smallwindow": "682,0,1080,2160",
          "ro.config.hw.BH_defaultlanguage": "true",
          "ro.config.hw.region": "eu",
          "ro.config.hw.security_volume": "8",
          "ro.config.hw_BatteryLevel_job_allowed": "92",
          "ro.config.hw_OptiDBConfig": "true",
          "ro.config.hw_ReduceSAR": "false",
          "ro.config.hw_agps_adpt_sim": "true",
          "ro.config.hw_allow_rs_mms": "true",
          "ro.config.hw_always_allow_mms": "6",
          "ro.config.hw_bluetooth_is_auto_scan": "false",
          "ro.config.hw_camera_nfc_switch": "true",
          "ro.config.hw_charge_frz": "true",
          "ro.config.hw_cota": "false",
          "ro.config.hw_custverdisplay": "true",
          "ro.config.hw_delay_detach_time": "5",
          "ro.config.hw_dsdspowerup": "false",
          "ro.config.hw_dts_settings": "true",
          "ro.config.hw_eapsim": "true",
          "ro.config.hw_easywakeup": "false",
          "ro.config.hw_eccNumUseRplmn": "true",
          "ro.config.hw_ecc_with_sim_card": "true",
          "ro.config.hw_em_solution_ver": "B040",
          "ro.config.hw_emcom": "true",
          "ro.config.hw_emui_desktop_mode": "true",
          "ro.config.hw_emui_dp_pc_mode": "true",
          "ro.config.hw_emui_wfd_pc_mode": "true",
          "ro.config.hw_globalEcc": "true",
          "ro.config.hw_glovemode_enabled": "1",
          "ro.config.hw_hideSimIcon": "false",
          "ro.config.hw_hotswap_on": "true",
          "ro.config.hw_icon_supprot_cut": "false",
          "ro.config.hw_imei_sv_enable": "true",
          "ro.config.hw_imei_sv_show_two": "true",
          "ro.config.hw_is_pre_post_pay": "true",
          "ro.config.hw_low_ram": "false",
          "ro.config.hw_lte_release": "true",
          "ro.config.hw_lte_support": "true",
          "ro.config.hw_media_flags": "1",
          "ro.config.hw_mg_copyright": "false",
          "ro.config.hw_mo_num_update": "true",
          "ro.config.hw_multiscreen": "false",
          "ro.config.hw_navbar_is_black": "true",
          "ro.config.hw_navigationbar": "true",
          "ro.config.hw_newsimple": "true",
          "ro.config.hw_nfc_def_route": "2",
          "ro.config.hw_nfc_msimce": "true",
          "ro.config.hw_nfc_on": "true",
          "ro.config.hw_omacp": "1",
          "ro.config.hw_opta": "782",
          "ro.config.hw_optb": "826",
          "ro.config.hw_power_saving": "true",
          "ro.config.hw_power_voice_key": "true",
          "ro.config.hw_rcs_product": "true",
          "ro.config.hw_rcs_vendor": "true",
          "ro.config.hw_screen_aspect": "2160:1920:1080",
          "ro.config.hw_sensorhub": "true",
          "ro.config.hw_showSimName": "true",
          "ro.config.hw_show_mmiError": "true",
          "ro.config.hw_show_no_sim": "false",
          "ro.config.hw_sim2airplane": "false",
          "ro.config.hw_singlehand": "1",
          "ro.config.hw_srlte": "true",
          "ro.config.hw_ss_toast": "true",
          "ro.config.hw_support_clone_app": "true",
          "ro.config.hw_support_geofence": "true",
          "ro.config.hw_support_vm_ecc": "true",
          "ro.config.hw_switchdata_4G": "false",
          "ro.config.hw_sws": "true",
          "ro.config.hw_tint": "true",
          "ro.config.hw_updateCA_bycell": "false",
          "ro.config.hw_updateCotaPara": "true",
          "ro.config.hw_useCtrlSocket": "true",
          "ro.config.hw_use_browser_ua": "http://wap1.huawei.com/uaprof/HUAWEI_%s_UAProfile.xml",
          "ro.config.hw_vcardBase64": "true",
          "ro.config.hw_voicemail_sim": "true",
          "ro.config.hw_volte_dyn": "true",
          "ro.config.hw_volte_icon_rule": "0",
          "ro.config.hw_volte_on": "true",
          "ro.config.hw_vowifi_mmsut": "true",
          "ro.config.hw_vtlte_on": "true",
          "ro.config.hw_wakeup_device": "true",
          "ro.config.hw_watermark": "false",
          "ro.config.hw_wfd_optimize": "true",
          "ro.config.hw_wifibridge": "true",
          "ro.config.hwsync_enabled": "true",
          "ro.config.hwtheme": "1",
          "ro.config.ipv4.mtu": "1400",
          "ro.config.keyguard_unusedata": "false",
          "ro.config.light_ratio_max": "230",
          "ro.config.limit_lcd_manual": "true",
          "ro.config.linkplus.liveupdate": "true",
          "ro.config.marketing_name": "HUAWEI Mate 10 Pro",
          "ro.config.new_hw_screen_aspect": "2160:2040:1080",
          "ro.config.nfc_hasese": "true",
          "ro.config.not_merge_time_location": "true",
          "ro.config.notification_sound": "Bongo.ogg",
          "ro.config.notify_volume_factor": "-6",
          "ro.config.ota_update_theme": "9",
          "ro.config.pg_beta_lowpower": "true",
          "ro.config.pg_close_notkeysock": "true",
          "ro.config.pg_unify_app_5min": "true",
          "ro.config.pg_unify_push_5min": "true",
          "ro.config.phone_findback_net": "false",
          "ro.config.plmn_to_settings": "true",
          "ro.config.pureAndroidSecNotify": "false",
          "ro.config.readiccid_switch": "true",
          "ro.config.region_phone_feature": "true",
          "ro.config.ringtone": "Huawei_Tune_Living.ogg",
          "ro.config.ringtone2": "Huawei_Tune_Clean.ogg",
          "ro.config.rom_update": "true",
          "ro.config.safety_certification": "FCC,CE",
          "ro.config.show_always_mms_ui": "true",
          "ro.config.show_am_pm": "true",
          "ro.config.show_auto_brightness": "true",
          "ro.config.show_bt_porsche_car": "false",
          "ro.config.show_data_act_all_apn": "true",
          "ro.config.show_epg_menu": "false",
          "ro.config.show_full_month": "true",
          "ro.config.show_high_consume": "true",
          "ro.config.show_vmail_number": "true",
          "ro.config.small_cover_size": "_401x1920",
          "ro.config.sn_main_page": "true",
          "ro.config.soft_single_navi": "true",
          "ro.config.spare_ntp_server": "ntp.sjtu.edu.cn,time.windows.com,time.nist.gov,1.cn.pool.ntp.org",
          "ro.config.step_count_show": "true",
          "ro.config.sup_lte_high_speed": "true",
          "ro.config.support_aod": "1",
          "ro.config.support_ca": "false",
          "ro.config.support_face_mode": "1",
          "ro.config.support_iseapp": "true",
          "ro.config.support_notification_way": "true",
          "ro.config.support_one_time_hota": "true",
          "ro.config.support_privacyspace": "true",
          "ro.config.support_sdcard_crypt": "false",
          "ro.config.switchPrimaryVolume": "true",
          "ro.config.swsAlwaysActiveForSPK": "true",
          "ro.config.sws_apk_hptype": "1",
          "ro.config.sws_version": "0400",
          "ro.config.third_key_provider": "kukong",
          "ro.config.toolorder": "0,2,1,3,4",
          "ro.config.touch.head_down": "false",
          "ro.config.updatelocation": "true",
          "ro.config.use_google_smartlock": "true",
          "ro.config.ussd_linkify": "true",
          "ro.config.vm_prioritymode": "2",
          "ro.config.widevine_level3": "true",
          "ro.config.wifi_fast_bss_enable": "true",
          "ro.connectivity.chiptype": "bcm43xx",
          "ro.connectivity.sub_chiptype": "bcm4359",
          "ro.control.sleeplog": "true",
          "ro.crypto.state": "encrypted",
          "ro.crypto.type": "file",
          "ro.cust.cdrom": "/data/hw_init/product/region_comm/oversea/cdrom/autorun.iso",
          "ro.dalvik.vm.native.bridge": "0",
          "ro.debuggable": "0",
          "ro.device_owner": "false",
          "ro.dts.licensepath": "/product/etc/dts/",
          "ro.dual.sim.phone": "false",
          "ro.expect.recovery_id": "0x6d17d9bcac21d1a335184bba2f36ae645c35f31f000000000000000000000000",
          "ro.facebook.partnerid": "vodafone:467ff1b4-cd51-4a99-b4ba-d93fc1ba508b",
          "ro.feature.display_screensaver_lite": "false",
          "ro.feature.gallery.edit_illusion_enable": "true",
          "ro.feature.gallery.hide_album_enable": "true",
          "ro.feature.gallery.slide_show_enable": "true",
          "ro.feature.hwcamera.dsl.panorama3d": "0",
          "ro.feature.launcher.long_click_enter_edit_mode": "true",
          "ro.feature.launcher.setting_cycle_keep": "true",
          "ro.feature.mobile_network_sharing_lite": "false",
          "ro.feature.show_backfp_function": "true",
          "ro.feature.weather.add_no_update_item": "true",
          "ro.frp.pst": "/dev/block/bootdevice/by-name/frp",
          "ro.game.low_audio_effect": "false",
          "ro.hardware": "kirin970",
          "ro.hardware.audio.primary": "hisi",
          "ro.huawei.cust.drm.fl_only": "false",
          "ro.huawei.cust.oma": "true",
          "ro.huawei.cust.oma_drm": "true",
          "ro.huawei.remount.check": "0",
          "ro.hw.base_all_groupversion": "G1.0",
          "ro.hw.country": "uk",
          "ro.hw.custPath": "/version/cust/vodafone/uk",
          "ro.hw.cust_all_groupversion": "G1.0",
          "ro.hw.hota.is_hwinit_cust_exists": "true",
          "ro.hw.hota.is_hwinit_exists": "true",
          "ro.hw.hota.is_hwinit_preload_exists": "false",
          "ro.hw.ipv6opt": "true",
          "ro.hw.ipv6timeout": "1900",
          "ro.hw.mirrorlink.enable": "true",
          "ro.hw.oemName": "BLA-L09",
          "ro.hw.preload_all_groupversion": "G1.0",
          "ro.hw.vendor": "vodafone",
          "ro.hwcamera.def_beauty_level": "0",
          "ro.hwcamera.default_back_mode": "com.huawei.camera2.mode.photo.PhotoMode",
          "ro.hwcamera.flashoff": "0",
          "ro.hwcamera.frontzoom_enable": "1",
          "ro.hwcamera.modesuggest_enable": "true",
          "ro.hwcamera.portrait_mode": "off",
          "ro.hwcamera.recognition_enable": "1",
          "ro.hwcamera.reduce_resolution": "false",
          "ro.hwcamera.use.videosize.1080p": "true",
          "ro.hwtracking.com.booking": "huawei_preload_default",
          "ro.hwtracking.com.google.android.apps.docs.editors.docs": "huawei_preload_default",
          "ro.hwtracking.com.google.android.apps.docs.editors.sheets": "huawei_preload_default",
          "ro.hwtracking.com.google.android.apps.docs.editors.slides": "huawei_preload_default",
          "ro.launcher_features_reduce_9.0": "false",
          "ro.logd.kernel": "false",
          "ro.logd.size.stats": "64K",
          "ro.logsystem.usertype": "6",
          "ro.magic.api.version": "0.1",
          "ro.oba.version": "20190629202647_OBA_VERSION",
          "ro.odm.build.fingerprint": "Huawei/Boston/Boston_BLA-L09:9/PPR1.180610.011/20190629202636:user/release-keys",
          "ro.oem.key1": "R1",
          "ro.oem_unlock_supported": "1",
          "ro.opa.eligible_device": "true",
          "ro.opengles.version": "196610",
          "ro.patch.baseline.version": "2.0",
          "ro.product.CustCVersion": "C782",
          "ro.product.VendorCountry": "vodafone/gb",
          "ro.product.board": "BLA",
          "ro.product.brand": "HUAWEI",
          "ro.product.cpu.abi": "arm64-v8a",
          "ro.product.cpu.abilist": "arm64-v8a,armeabi-v7a,armeabi",
          "ro.product.cpu.abilist32": "armeabi-v7a,armeabi",
          "ro.product.cpu.abilist64": "arm64-v8a",
          "ro.product.cuptsm": "HUAWEI|ESE|01|10",
          "ro.product.device": "HWBLA",
          "ro.product.fingerprintName": "HUAWEI-Z106",
          "ro.product.first_api_level": "26",
          "ro.product.hardwareversion": "HL1BLAM",
          "ro.product.imeisv": "60",
          "ro.product.locale": "en-GB",
          "ro.product.locale.language": "en",
          "ro.product.locale.region": "US",
          "ro.product.manufacturer": "HUAWEI",
          "ro.product.model": "BLA-L09",
          "ro.product.name": "BLA-L09",
          "ro.product.odm.brand": "Huawei",
          "ro.product.odm.device": "Boston",
          "ro.product.odm.name": "Boston",
          "ro.product.vendor.brand": "kirin970",
          "ro.product.vendor.device": "kirin970",
          "ro.product.vendor.manufacturer": "HUAWEI",
          "ro.product.vendor.model": "kirin970",
          "ro.product.vendor.name": "kirin970",
          "ro.product.wallet.nfc": "01|02|HUAWEI|01|02|01",
          "ro.prop.hwkeychain_switch": "true",
          "ro.property_service.version": "2",
          "ro.quick_broadcast_cardstatus": "false",
          "ro.readfastboot": "0",
          "ro.revision": "0",
          "ro.ril.ecclist": "112,911,#911,*911",
          "ro.runmode": "normal",
          "ro.secure": "1",
          "ro.serialno": "GAB7N17B24003474",
          "ro.setupwizard.mode": "OPTIONAL",
          "ro.setupwizard.wifi_on_exit": "false",
          "ro.sf.lcd_density": "480",
          "ro.sys.pg_nfb_kill": "true",
          "ro.sys.powerup_reason": "NORMAL",
          "ro.syssvccallrecord.enable": "true",
          "ro.telephony.default_network": "9",
          "ro.treble.enabled": "true",
          "ro.vendor.build.date": "Sat Jun 29 20:27:47 CST 2019",
          "ro.vendor.build.date.utc": "1561811267",
          "ro.vendor.build.fingerprint": "kirin970/kirin970/kirin970:9/PPR1.180610.011/root201906292026:user/release-keys",
          "ro.vendor.build.security_patch": "2018-06-19",
          "ro.vndk.version": "28",
          "ro.wifi.channels": "",
          "ro.zygote": "zygote64_32",
          "security.perf_harden": "1",
          "selinux.restorecon_recursive": "/data/misc_ce/0",
          "service.bootanim.exit": "1",
          "service.bootanim.stop": "1",
          "service.sf.present_timestamp": "1",
          "setupwizard.feature.predeferred_enabled": "false",
          "sys.2dsdr.pkgname": "*",
          "sys.2dsdr.startratio": "1.0",
          "sys.aps.support": "34177027",
          "sys.aps.version": "5.1.2-9.0.1.34",
          "sys.boot.reason": "reboot,huawei_reboot",
          "sys.boot_completed": "1",
          "sys.current_backlight": "941",
          "sys.defaultapn.enabled": "true",
          "sys.fingerprint.deviceId": "0",
          "sys.hisi.pmom.service.enable": "false",
          "sys.huawei.thermal.enable": "true",
          "sys.hw_boot_success": "1",
          "sys.hwsholder.count": "0",
          "sys.iaware.cpuset.screenoff.bg": "0-3",
          "sys.iaware.cpuset.screenoff.boost": "0-7",
          "sys.iaware.cpuset.screenoff.fg": "0-7",
          "sys.iaware.cpuset.screenoff.kbg": "0-3",
          "sys.iaware.cpuset.screenoff.sysbg": "0-3",
          "sys.iaware.cpuset.screenoff.taboost": "",
          "sys.iaware.cpuset.screenoff.topapp": "0-7",
          "sys.iaware.cpuset.screenon.bg": "2-3",
          "sys.iaware.cpuset.screenon.boost": "4-7",
          "sys.iaware.cpuset.screenon.fg": "0-7",
          "sys.iaware.cpuset.screenon.kbg": "2-3,7",
          "sys.iaware.cpuset.screenon.sysbg": "0-3",
          "sys.iaware.cpuset.screenon.taboost": "4-7",
          "sys.iaware.cpuset.screenon.topapp": "0-7",
          "sys.iaware.cpuset.vron.bg": "0-2",
          "sys.iaware.cpuset.vron.boost": "4-7",
          "sys.iaware.cpuset.vron.fg": "0-2,4-7",
          "sys.iaware.cpuset.vron.kbg": "0-2",
          "sys.iaware.cpuset.vron.sysbg": "0-2",
          "sys.iaware.cpuset.vron.taboost": "",
          "sys.iaware.cpuset.vron.topapp": "0-7",
          "sys.iaware.eas.on": "true",
          "sys.iaware.empty_app_percent": "50",
          "sys.iaware.switch_set_success": "true",
          "sys.iaware.type": "1",
          "sys.iswifihotspoton": "false",
          "sys.logbootcomplete": "1",
          "sys.oem_unlock_allowed": "1",
          "sys.pg.pre_rescue_boot_count": "1",
          "sys.refresh.dirty": "1",
          "sys.rescue_boot_count": "1",
          "sys.resettype": "normal:COLDBOOT",
          "sys.retaildemo.enabled": "0",
          "sys.runtime_data.hiddenapi.enable": "true",
          "sys.settingsprovider_ready": "1",
          "sys.show_google_nlp": "true",
          "sys.super_power_save": "false",
          "sys.sysctl.extra_free_kbytes": "61440",
          "sys.sysctl.tcp_def_init_rwnd": "60",
          "sys.thermal.vr_fps": "0",
          "sys.thermal.vr_ratio_height": "0",
          "sys.thermal.vr_ratio_width": "0",
          "sys.thermal.vr_warning_level": "0",
          "sys.uidcpupower": "",
          "sys.usb.config": "hisuite,mtp,mass_storage,adb,hdb",
          "sys.usb.configfs": "1",
          "sys.usb.controller": "ff100000.dwc3",
          "sys.usb.ffs.ready": "1",
          "sys.usb.ffs_hdb.ready": "1",
          "sys.usb.mtp.device_type": "3",
          "sys.usb.state": "hisuite,mtp,mass_storage,adb,hdb",
          "sys.user.0.ce_available": "true",
          "system_init.hwextdeviceservice": "1",
          "vold.crypto_unencrypt_updatedir": "/data/update",
          "vold.cryptsd.keystate": "lock",
          "vold.has_adoptable": "0",
          "vold.has_quota": "0",
          "vold.has_reserved": "1",
          "vold.post_fs_data_done": "1",
          "wifi.direct.interface": "p2p-dev-wlan0",
          "wifi.interface": "wlan0"
        }
      }
    },
    "statistical_repetitions": 1
  },
  "sub_points": 1
}
