{
  "choices": {
    "cmd_key": "default",
    "compile_type": "dynamic",
    "compiler_description_uoa": "gcc-7.1.0-auto",
    "compiler_flags": {
      "base_opt": "-O3"
    },
    "console": "",
    "cpu_freq": "max",
    "data_uoa": "image-classification-tflite-loadgen",
    "dataset_file": "",
    "device_id": "",
    "env": {
      "CK_CPU_FREQUENCY": "max",
      "CK_GPU_FREQUENCY": "max",
      "CK_LOADGEN_BUFFER_SIZE": "500",
      "CK_LOADGEN_DATASET_SIZE": "50000",
      "CK_LOADGEN_MAX_DURATION_S": 0,
      "CK_LOADGEN_MODE": "AccuracyOnly",
      "CK_LOADGEN_OFFLINE_EXPECTED_QPS": 0,
      "CK_LOADGEN_SCENARIO": "SingleStream",
      "CK_LOADGEN_SUPPORT": "YES",
      "CK_LOADGEN_TRIGGER_COLD_RUN": "yes",
      "CK_RESULTS_DIR": "predictions",
      "CK_SKIP_IMAGES": 0,
      "CK_VERBOSE": "2"
    },
    "gpu_freq": "max",
    "host_os": "linux-32",
    "module_uoa": "b0ac08fe1d3c2615",
    "no_state_check": "yes",
    "repeat": 1,
    "skip_print_timers": "yes",
    "target": "",
    "target_os": "linux-32",
    "target_os_bits": "32"
  },
  "choices_order": [],
  "features": {
    "compiler_version": {
      "list": [
        8,
        3,
        0
      ],
      "raw": [
        "gcc-8 (Raspbian 8.3.0-6+rpi1) 8.3.0",
        "Copyright (C) 2018 Free Software Foundation, Inc.",
        "This is free software; see the source for copying conditions.  There is NO",
        "warranty; not even for MERCHANTABILITY or FITNESS FOR A PARTICULAR PURPOSE.",
        "",
        ""
      ],
      "str": "8.3.0"
    },
    "number_of_selected_compiler_flags": 1,
    "platform": {
      "cpu": {
        "all_freqs": {
          "0": [
            600000,
            1500000
          ],
          "1": [
            600000,
            1500000
          ],
          "2": [
            600000,
            1500000
          ],
          "3": [
            600000,
            1500000
          ]
        },
        "cpu_abi": "",
        "cpu_features": "half thumb fastmult vfp edsp neon vfpv3 tls vfpv4 idiva idivt vfpd32 lpae evtstrm crc32",
        "current_freq": {
          "0": 1500.0,
          "1": 1500.0,
          "2": 1500.0,
          "3": 1500.0
        },
        "max_freq": {
          "0": 1500.0,
          "1": 1500.0,
          "2": 1500.0,
          "3": 1500.0
        },
        "name": "BCM2835",
        "num_proc": "4",
        "sub_name": "ARMv7 Processor rev 3 (v7l)",
        "workload_automation": {
          "device_config": {
            "core_clusters": [
              0,
              0,
              0,
              1
            ],
            "core_names": [
              "ARMv7 Processor rev 3 (v7l)",
              "ARMv7 Processor rev 3 (v7l)",
              "ARMv7 Processor rev 3 (v7l)",
              "BCM2835"
            ]
          }
        }
      },
      "cpu_misc": {
        "0": {
          "BogoMIPS": "270.00",
          "CPU architecture": "7",
          "CPU implementer": "0x41",
          "CPU part": "0xd08",
          "CPU revision": "3",
          "CPU variant": "0x0",
          "Features": "half thumb fastmult vfp edsp neon vfpv3 tls vfpv4 idiva idivt vfpd32 lpae evtstrm crc32",
          "all_freqs": [
            "0",
            "0"
          ],
          "ck_cpu_name": "ARMv7 Processor rev 3 (v7l)",
          "ck_cpu_subname": "ARMv7 Processor rev 3 (v7l)",
          "cpu_features": "half thumb fastmult vfp edsp neon vfpv3 tls vfpv4 idiva idivt vfpd32 lpae evtstrm crc32",
          "cur_freq": 1500.0,
          "max_freq": 1500.0,
          "model name": "ARMv7 Processor rev 3 (v7l)",
          "processor": "0"
        },
        "1": {
          "BogoMIPS": "270.00",
          "CPU architecture": "7",
          "CPU implementer": "0x41",
          "CPU part": "0xd08",
          "CPU revision": "3",
          "CPU variant": "0x0",
          "Features": "half thumb fastmult vfp edsp neon vfpv3 tls vfpv4 idiva idivt vfpd32 lpae evtstrm crc32",
          "all_freqs": [
            "1",
            "1"
          ],
          "ck_cpu_name": "ARMv7 Processor rev 3 (v7l)",
          "ck_cpu_subname": "ARMv7 Processor rev 3 (v7l)",
          "cpu_features": "half thumb fastmult vfp edsp neon vfpv3 tls vfpv4 idiva idivt vfpd32 lpae evtstrm crc32",
          "cur_freq": 1500.0,
          "max_freq": 1500.0,
          "model name": "ARMv7 Processor rev 3 (v7l)",
          "processor": "1"
        },
        "2": {
          "BogoMIPS": "270.00",
          "CPU architecture": "7",
          "CPU implementer": "0x41",
          "CPU part": "0xd08",
          "CPU revision": "3",
          "CPU variant": "0x0",
          "Features": "half thumb fastmult vfp edsp neon vfpv3 tls vfpv4 idiva idivt vfpd32 lpae evtstrm crc32",
          "all_freqs": [
            "2",
            "2"
          ],
          "ck_cpu_name": "ARMv7 Processor rev 3 (v7l)",
          "ck_cpu_subname": "ARMv7 Processor rev 3 (v7l)",
          "cpu_features": "half thumb fastmult vfp edsp neon vfpv3 tls vfpv4 idiva idivt vfpd32 lpae evtstrm crc32",
          "cur_freq": 1500.0,
          "max_freq": 1500.0,
          "model name": "ARMv7 Processor rev 3 (v7l)",
          "processor": "2"
        },
        "3": {
          "BogoMIPS": "270.00",
          "CPU architecture": "7",
          "CPU implementer": "0x41",
          "CPU part": "0xd08",
          "CPU revision": "3",
          "CPU variant": "0x0",
          "Features": "half thumb fastmult vfp edsp neon vfpv3 tls vfpv4 idiva idivt vfpd32 lpae evtstrm crc32",
          "Hardware": "BCM2835",
          "Revision": "c03111",
          "Serial": "10000000dd4e839c",
          "all_freqs": [
            "3",
            "3"
          ],
          "ck_cpu_name": "BCM2835",
          "ck_cpu_subname": "ARMv7 Processor rev 3 (v7l)",
          "cpu_features": "half thumb fastmult vfp edsp neon vfpv3 tls vfpv4 idiva idivt vfpd32 lpae evtstrm crc32",
          "cur_freq": 1500.0,
          "max_freq": 1500.0,
          "model name": "ARMv7 Processor rev 3 (v7l)",
          "processor": "3"
        }
      },
      "cpu_new_format": "",
      "cpu_unique": [
        {
          "BogoMIPS": "270.00",
          "CPU architecture": "7",
          "CPU implementer": "0x41",
          "CPU part": "0xd08",
          "CPU revision": "3",
          "CPU variant": "0x0",
          "Features": "half thumb fastmult vfp edsp neon vfpv3 tls vfpv4 idiva idivt vfpd32 lpae evtstrm crc32",
          "all_freqs": [
            "0",
            "0"
          ],
          "ck_cpu_name": "ARMv7 Processor rev 3 (v7l)",
          "ck_cpu_subname": "ARMv7 Processor rev 3 (v7l)",
          "cpu_features": "half thumb fastmult vfp edsp neon vfpv3 tls vfpv4 idiva idivt vfpd32 lpae evtstrm crc32",
          "cur_freq": 1500.0,
          "max_freq": 1500.0,
          "model name": "ARMv7 Processor rev 3 (v7l)",
          "processor": "0"
        },
        {
          "BogoMIPS": "270.00",
          "CPU architecture": "7",
          "CPU implementer": "0x41",
          "CPU part": "0xd08",
          "CPU revision": "3",
          "CPU variant": "0x0",
          "Features": "half thumb fastmult vfp edsp neon vfpv3 tls vfpv4 idiva idivt vfpd32 lpae evtstrm crc32",
          "Hardware": "BCM2835",
          "Revision": "c03111",
          "Serial": "10000000dd4e839c",
          "all_freqs": [
            "3",
            "3"
          ],
          "ck_cpu_name": "BCM2835",
          "ck_cpu_subname": "ARMv7 Processor rev 3 (v7l)",
          "cpu_features": "half thumb fastmult vfp edsp neon vfpv3 tls vfpv4 idiva idivt vfpd32 lpae evtstrm crc32",
          "cur_freq": 1500.0,
          "max_freq": 1500.0,
          "model name": "ARMv7 Processor rev 3 (v7l)",
          "processor": "3"
        }
      ],
      "gpu": {
        "name": "",
        "vendor": ""
      },
      "gpu_misc": {},
      "os": {
        "abi": "armv7l",
        "bits": "32",
        "ck_os_base_uoa": "",
        "ck_os_uoa": "linux-32",
        "name": "Raspbian GNU/Linux 10 (buster)",
        "name_long": "Linux-4.19.66-v7l+-armv7l-with-debian-10.1",
        "name_short": "Linux 4.19.66",
        "serial_number": ""
      },
      "os_misc": {},
      "platform": {
        "model": "Raspberry Pi 4 Model B Rev 1.1\u0000",
        "name": "Raspberry (Raspberry Pi 4 Model B Rev 1.1\u0000)",
        "vendor": "Raspberry"
      },
      "platform_misc": {}
    },
    "statistical_repetitions": 1
  },
  "sub_points": 1
}
