{
  "##choices#cmd_key": "default",
  "##choices#compile_type": "dynamic",
  "##choices#compiler_description_uoa": "gcc-7.1.0-auto",
  "##choices#compiler_flags#base_opt": "-O3",
  "##choices#console": "",
  "##choices#cpu_freq": "max",
  "##choices#data_uoa": "image-classification-armnn-tflite-loadgen",
  "##choices#dataset_file": "",
  "##choices#device_id": "",
  "##choices#env#CK_CPU_FREQUENCY": "max",
  "##choices#env#CK_GPU_FREQUENCY": "max",
  "##choices#env#CK_LOADGEN_BUFFER_SIZE": "500",
  "##choices#env#CK_LOADGEN_CONF_FILE": "../user.conf",
  "##choices#env#CK_LOADGEN_DATASET_SIZE": "50000",
  "##choices#env#CK_LOADGEN_MAX_DURATION_S": 0,
  "##choices#env#CK_LOADGEN_MODE": "AccuracyOnly",
  "##choices#env#CK_LOADGEN_OFFLINE_EXPECTED_QPS": 0,
  "##choices#env#CK_LOADGEN_SCENARIO": "SingleStream",
  "##choices#env#CK_LOADGEN_SUPPORT": "YES",
  "##choices#env#CK_LOADGEN_TRIGGER_COLD_RUN": "yes",
  "##choices#env#CK_RESULTS_DIR": "predictions",
  "##choices#env#CK_SKIP_IMAGES": 0,
  "##choices#env#CK_VERBOSE": "2",
  "##choices#env#USE_NEON": "1",
  "##choices#env#USE_OPENCL": "NO",
  "##choices#gpu_freq": "max",
  "##choices#host_os": "linux-32",
  "##choices#module_uoa": "b0ac08fe1d3c2615",
  "##choices#no_state_check": "yes",
  "##choices#repeat": 1,
  "##choices#skip_print_timers": "yes",
  "##choices#target": "",
  "##choices#target_os": "linux-32",
  "##choices#target_os_bits": "32",
  "##features#compiler_version#list@0": 8,
  "##features#compiler_version#list@1": 3,
  "##features#compiler_version#list@2": 0,
  "##features#compiler_version#raw@0": "gcc-8 (Raspbian 8.3.0-6+rpi1) 8.3.0",
  "##features#compiler_version#raw@1": "Copyright (C) 2018 Free Software Foundation, Inc.",
  "##features#compiler_version#raw@2": "This is free software; see the source for copying conditions.  There is NO",
  "##features#compiler_version#raw@3": "warranty; not even for MERCHANTABILITY or FITNESS FOR A PARTICULAR PURPOSE.",
  "##features#compiler_version#raw@4": "",
  "##features#compiler_version#raw@5": "",
  "##features#compiler_version#str": "8.3.0",
  "##features#number_of_selected_compiler_flags": 1,
  "##features#platform#cpu#all_freqs#0@0": 600000,
  "##features#platform#cpu#all_freqs#0@1": 1500000,
  "##features#platform#cpu#all_freqs#1@0": 600000,
  "##features#platform#cpu#all_freqs#1@1": 1500000,
  "##features#platform#cpu#all_freqs#2@0": 600000,
  "##features#platform#cpu#all_freqs#2@1": 1500000,
  "##features#platform#cpu#all_freqs#3@0": 600000,
  "##features#platform#cpu#all_freqs#3@1": 1500000,
  "##features#platform#cpu#cpu_abi": "",
  "##features#platform#cpu#cpu_features": "half thumb fastmult vfp edsp neon vfpv3 tls vfpv4 idiva idivt vfpd32 lpae evtstrm crc32",
  "##features#platform#cpu#current_freq#0": 1500.0,
  "##features#platform#cpu#current_freq#1": 1500.0,
  "##features#platform#cpu#current_freq#2": 1500.0,
  "##features#platform#cpu#current_freq#3": 1500.0,
  "##features#platform#cpu#max_freq#0": 1500.0,
  "##features#platform#cpu#max_freq#1": 1500.0,
  "##features#platform#cpu#max_freq#2": 1500.0,
  "##features#platform#cpu#max_freq#3": 1500.0,
  "##features#platform#cpu#name": "BCM2835",
  "##features#platform#cpu#num_proc": "4",
  "##features#platform#cpu#sub_name": "ARMv7 Processor rev 3 (v7l)",
  "##features#platform#cpu#workload_automation#device_config#core_clusters@0": 0,
  "##features#platform#cpu#workload_automation#device_config#core_clusters@1": 0,
  "##features#platform#cpu#workload_automation#device_config#core_clusters@2": 0,
  "##features#platform#cpu#workload_automation#device_config#core_clusters@3": 1,
  "##features#platform#cpu#workload_automation#device_config#core_names@0": "ARMv7 Processor rev 3 (v7l)",
  "##features#platform#cpu#workload_automation#device_config#core_names@1": "ARMv7 Processor rev 3 (v7l)",
  "##features#platform#cpu#workload_automation#device_config#core_names@2": "ARMv7 Processor rev 3 (v7l)",
  "##features#platform#cpu#workload_automation#device_config#core_names@3": "BCM2835",
  "##features#platform#cpu_misc#0#BogoMIPS": "270.00",
  "##features#platform#cpu_misc#0#CPU architecture": "7",
  "##features#platform#cpu_misc#0#CPU implementer": "0x41",
  "##features#platform#cpu_misc#0#CPU part": "0xd08",
  "##features#platform#cpu_misc#0#CPU revision": "3",
  "##features#platform#cpu_misc#0#CPU variant": "0x0",
  "##features#platform#cpu_misc#0#Features": "half thumb fastmult vfp edsp neon vfpv3 tls vfpv4 idiva idivt vfpd32 lpae evtstrm crc32",
  "##features#platform#cpu_misc#0#all_freqs@0": "0",
  "##features#platform#cpu_misc#0#all_freqs@1": "0",
  "##features#platform#cpu_misc#0#ck_cpu_name": "ARMv7 Processor rev 3 (v7l)",
  "##features#platform#cpu_misc#0#ck_cpu_subname": "ARMv7 Processor rev 3 (v7l)",
  "##features#platform#cpu_misc#0#cpu_features": "half thumb fastmult vfp edsp neon vfpv3 tls vfpv4 idiva idivt vfpd32 lpae evtstrm crc32",
  "##features#platform#cpu_misc#0#cur_freq": 1500.0,
  "##features#platform#cpu_misc#0#max_freq": 1500.0,
  "##features#platform#cpu_misc#0#model name": "ARMv7 Processor rev 3 (v7l)",
  "##features#platform#cpu_misc#0#processor": "0",
  "##features#platform#cpu_misc#1#BogoMIPS": "270.00",
  "##features#platform#cpu_misc#1#CPU architecture": "7",
  "##features#platform#cpu_misc#1#CPU implementer": "0x41",
  "##features#platform#cpu_misc#1#CPU part": "0xd08",
  "##features#platform#cpu_misc#1#CPU revision": "3",
  "##features#platform#cpu_misc#1#CPU variant": "0x0",
  "##features#platform#cpu_misc#1#Features": "half thumb fastmult vfp edsp neon vfpv3 tls vfpv4 idiva idivt vfpd32 lpae evtstrm crc32",
  "##features#platform#cpu_misc#1#all_freqs@0": "1",
  "##features#platform#cpu_misc#1#all_freqs@1": "1",
  "##features#platform#cpu_misc#1#ck_cpu_name": "ARMv7 Processor rev 3 (v7l)",
  "##features#platform#cpu_misc#1#ck_cpu_subname": "ARMv7 Processor rev 3 (v7l)",
  "##features#platform#cpu_misc#1#cpu_features": "half thumb fastmult vfp edsp neon vfpv3 tls vfpv4 idiva idivt vfpd32 lpae evtstrm crc32",
  "##features#platform#cpu_misc#1#cur_freq": 1500.0,
  "##features#platform#cpu_misc#1#max_freq": 1500.0,
  "##features#platform#cpu_misc#1#model name": "ARMv7 Processor rev 3 (v7l)",
  "##features#platform#cpu_misc#1#processor": "1",
  "##features#platform#cpu_misc#2#BogoMIPS": "270.00",
  "##features#platform#cpu_misc#2#CPU architecture": "7",
  "##features#platform#cpu_misc#2#CPU implementer": "0x41",
  "##features#platform#cpu_misc#2#CPU part": "0xd08",
  "##features#platform#cpu_misc#2#CPU revision": "3",
  "##features#platform#cpu_misc#2#CPU variant": "0x0",
  "##features#platform#cpu_misc#2#Features": "half thumb fastmult vfp edsp neon vfpv3 tls vfpv4 idiva idivt vfpd32 lpae evtstrm crc32",
  "##features#platform#cpu_misc#2#all_freqs@0": "2",
  "##features#platform#cpu_misc#2#all_freqs@1": "2",
  "##features#platform#cpu_misc#2#ck_cpu_name": "ARMv7 Processor rev 3 (v7l)",
  "##features#platform#cpu_misc#2#ck_cpu_subname": "ARMv7 Processor rev 3 (v7l)",
  "##features#platform#cpu_misc#2#cpu_features": "half thumb fastmult vfp edsp neon vfpv3 tls vfpv4 idiva idivt vfpd32 lpae evtstrm crc32",
  "##features#platform#cpu_misc#2#cur_freq": 1500.0,
  "##features#platform#cpu_misc#2#max_freq": 1500.0,
  "##features#platform#cpu_misc#2#model name": "ARMv7 Processor rev 3 (v7l)",
  "##features#platform#cpu_misc#2#processor": "2",
  "##features#platform#cpu_misc#3#BogoMIPS": "270.00",
  "##features#platform#cpu_misc#3#CPU architecture": "7",
  "##features#platform#cpu_misc#3#CPU implementer": "0x41",
  "##features#platform#cpu_misc#3#CPU part": "0xd08",
  "##features#platform#cpu_misc#3#CPU revision": "3",
  "##features#platform#cpu_misc#3#CPU variant": "0x0",
  "##features#platform#cpu_misc#3#Features": "half thumb fastmult vfp edsp neon vfpv3 tls vfpv4 idiva idivt vfpd32 lpae evtstrm crc32",
  "##features#platform#cpu_misc#3#Hardware": "BCM2835",
  "##features#platform#cpu_misc#3#Revision": "c03111",
  "##features#platform#cpu_misc#3#Serial": "10000000dd4e839c",
  "##features#platform#cpu_misc#3#all_freqs@0": "3",
  "##features#platform#cpu_misc#3#all_freqs@1": "3",
  "##features#platform#cpu_misc#3#ck_cpu_name": "BCM2835",
  "##features#platform#cpu_misc#3#ck_cpu_subname": "ARMv7 Processor rev 3 (v7l)",
  "##features#platform#cpu_misc#3#cpu_features": "half thumb fastmult vfp edsp neon vfpv3 tls vfpv4 idiva idivt vfpd32 lpae evtstrm crc32",
  "##features#platform#cpu_misc#3#cur_freq": 1500.0,
  "##features#platform#cpu_misc#3#max_freq": 1500.0,
  "##features#platform#cpu_misc#3#model name": "ARMv7 Processor rev 3 (v7l)",
  "##features#platform#cpu_misc#3#processor": "3",
  "##features#platform#cpu_new_format": "",
  "##features#platform#cpu_unique@0#BogoMIPS": "270.00",
  "##features#platform#cpu_unique@0#CPU architecture": "7",
  "##features#platform#cpu_unique@0#CPU implementer": "0x41",
  "##features#platform#cpu_unique@0#CPU part": "0xd08",
  "##features#platform#cpu_unique@0#CPU revision": "3",
  "##features#platform#cpu_unique@0#CPU variant": "0x0",
  "##features#platform#cpu_unique@0#Features": "half thumb fastmult vfp edsp neon vfpv3 tls vfpv4 idiva idivt vfpd32 lpae evtstrm crc32",
  "##features#platform#cpu_unique@0#all_freqs@0": "0",
  "##features#platform#cpu_unique@0#all_freqs@1": "0",
  "##features#platform#cpu_unique@0#ck_cpu_name": "ARMv7 Processor rev 3 (v7l)",
  "##features#platform#cpu_unique@0#ck_cpu_subname": "ARMv7 Processor rev 3 (v7l)",
  "##features#platform#cpu_unique@0#cpu_features": "half thumb fastmult vfp edsp neon vfpv3 tls vfpv4 idiva idivt vfpd32 lpae evtstrm crc32",
  "##features#platform#cpu_unique@0#cur_freq": 1500.0,
  "##features#platform#cpu_unique@0#max_freq": 1500.0,
  "##features#platform#cpu_unique@0#model name": "ARMv7 Processor rev 3 (v7l)",
  "##features#platform#cpu_unique@0#processor": "0",
  "##features#platform#cpu_unique@1#BogoMIPS": "270.00",
  "##features#platform#cpu_unique@1#CPU architecture": "7",
  "##features#platform#cpu_unique@1#CPU implementer": "0x41",
  "##features#platform#cpu_unique@1#CPU part": "0xd08",
  "##features#platform#cpu_unique@1#CPU revision": "3",
  "##features#platform#cpu_unique@1#CPU variant": "0x0",
  "##features#platform#cpu_unique@1#Features": "half thumb fastmult vfp edsp neon vfpv3 tls vfpv4 idiva idivt vfpd32 lpae evtstrm crc32",
  "##features#platform#cpu_unique@1#Hardware": "BCM2835",
  "##features#platform#cpu_unique@1#Revision": "c03111",
  "##features#platform#cpu_unique@1#Serial": "10000000dd4e839c",
  "##features#platform#cpu_unique@1#all_freqs@0": "3",
  "##features#platform#cpu_unique@1#all_freqs@1": "3",
  "##features#platform#cpu_unique@1#ck_cpu_name": "BCM2835",
  "##features#platform#cpu_unique@1#ck_cpu_subname": "ARMv7 Processor rev 3 (v7l)",
  "##features#platform#cpu_unique@1#cpu_features": "half thumb fastmult vfp edsp neon vfpv3 tls vfpv4 idiva idivt vfpd32 lpae evtstrm crc32",
  "##features#platform#cpu_unique@1#cur_freq": 1500.0,
  "##features#platform#cpu_unique@1#max_freq": 1500.0,
  "##features#platform#cpu_unique@1#model name": "ARMv7 Processor rev 3 (v7l)",
  "##features#platform#cpu_unique@1#processor": "3",
  "##features#platform#gpu#name": "",
  "##features#platform#gpu#vendor": "",
  "##features#platform#os#abi": "armv7l",
  "##features#platform#os#bits": "32",
  "##features#platform#os#ck_os_base_uoa": "",
  "##features#platform#os#ck_os_uoa": "linux-32",
  "##features#platform#os#name": "Raspbian GNU/Linux 10 (buster)",
  "##features#platform#os#name_long": "Linux-4.19.66-v7l+-armv7l-with-debian-10.1",
  "##features#platform#os#name_short": "Linux 4.19.66",
  "##features#platform#os#serial_number": "",
  "##features#platform#platform#model": "Raspberry Pi 4 Model B Rev 1.1\u0000",
  "##features#platform#platform#name": "Raspberry (Raspberry Pi 4 Model B Rev 1.1\u0000)",
  "##features#platform#platform#vendor": "Raspberry",
  "##features#statistical_repetitions": 1
}
