{
  "characteristics_list": [
    {
      "compile": {
        "binary_size": 975440, 
        "compilation_success": "yes", 
        "compilation_success_bool": true, 
        "compilation_time": 11.760075807571411, 
        "compilation_time_with_module": 13.689810037612915, 
        "joined_compiler_flags": "-O3", 
        "md5_sum": "92a1375cda264ff84ac3ece086c26b5a", 
        "obj_size": 187200, 
        "obj_sizes": {
          "classification.o": 187200
        }, 
        "program_git_hash": "0c9d88b02bbec4c14f30238a1aaf893f6c731d68"
      }, 
      "run": {
        "execution_time": 0.0, 
        "execution_time_with_module": 66.27667999267578, 
        "mlperf_log": {
          "accuracy": [], 
          "detail": [
            "\"pid\": 14170, \"tid\": 14170, \"ts\": 9333ns : LoadgenVersionInfo:\n", 
            "\"pid\": 14170, \"tid\": 14170, \"ts\": 9333ns : version : .5a1 @ 61220457de\n", 
            "\"pid\": 14170, \"tid\": 14170, \"ts\": 9333ns : build_date_local : 2019-10-05T14:53:01.923407\n", 
            "\"pid\": 14170, \"tid\": 14170, \"ts\": 9333ns : build_date_utc   : 2019-10-05T14:53:01.923471\n", 
            "\"pid\": 14170, \"tid\": 14170, \"ts\": 9333ns : git_commit_date  : 2019-10-01T10:39:03-07:00\n", 
            "\"pid\": 14170, \"tid\": 14170, \"ts\": 9333ns : git_log :\n", 
            "\n", 
            "61220457dec221ed1984c62bd9d382698bd71bc6 loadgen: re-apply fix for msvc (#459)\n", 
            "5684c11e3987b614aae830390fa0e92f56b7e800 Update the broken txt url link (#456)\n", 
            "55c0ea4e772634107f3e67a6d0da61e6a2ca390d https://github.com/mlperf/inference/issues/450 logging per-sample info regardless of scenario (#454)\n", 
            "d31c18fbd9854a4f1c489ca1bc4cd818e48f2bc5 Adding a flag to accuracy-coco script which fixes issue with preprocessing that removes 48 empty images (#453)\n", 
            "1d0e06e54a7d763cf228bdfd8b1e987976e4222f Implement LogSettings::enable_trace (#466)\n", 
            "d9c4b77ed961c20bdff2b2a4c7d0904a91408882 Merge pull request #467 from guschmue/gs/config-fix\n", 
            "62eddd5fa123c0ed7f230868cf7e6d08f49f697c there was a dot missing when parsing items from config file\n", 
            "5c4c571583ebf9703daeadd5a5f90f6bd0253852  Offline scenario PerformanceOnly mode should generate 1 instead of 2 queries (#461)\n", 
            "6019b1b6154f6fe399519743cd59394554d80d26 Update README.md\n", 
            "2e9a1f7c164ec715a6cbd014eea805d69b4b14a4 Merge pull request #427 from nvmbreughe/master\n", 
            "ace74c303888e575826d2a8be8460608d156efae Merge pull request #406 from guschmue/gs/fix-no-results\n", 
            "52699022d32271a00c7ec840acb77180a8c5d061 Split on any whitespace in val_map.txt, not just tab. (#458)\n", 
            "5a4803e37b990c0f294c8a7caa6029fb6f201573 On MacOS/LLVM thread_ids are not auto-convertible to uint64_t and have to be converted manually (#439)\n", 
            "94e7f492ff936e02a626c49918fd8b17d076fe7e Merge pull request #449 from guschmue/gs/fix-docker\n", 
            "2dd8318b3f7a6ffea49d88716b96cb3172e66834 fix output path in docker image\n", 
            "4df4601374cfc2c2c6d25b8aef08585614a8f5cd Merge pull request #432 from guschmue/gs/fix-target-qps\n", 
            "\n", 
            "\"pid\": 14170, \"tid\": 14170, \"ts\": 9333ns : git_status :\n", 
            "\n", 
            "\n", 
            "\n", 
            "\"pid\": 14170, \"tid\": 14170, \"ts\": 9333ns : SHA1 of files :\n", 
            "\n", 
            "012aad77e5206c89d50718c46c119d1f3cb056b2 /.clang-format\n", 
            "a3355ff8f163cabbf26adb86d3aa0e5da72900c7 /BUILD.gn\n", 
            "25ddf9bbe1429de0d036f073497c1e90cb419519 /CMakeLists.txt\n", 
            "79fbce4843967690e0750fd7ffc021f4f1e4c5c4 /README.md\n", 
            "34b89a712a0ca1691b89715fe2ce459a676d0f77 /README_BUILD.md\n", 
            "f75741b91085a20ebb23de1ce03d45a56d3457fe /README_FAQ.md\n", 
            "fa2add871dc7440cbda1f8c7a69e96eb6499951a /bindings/c_api.cc\n", 
            "8fdaa27778cf3ee2eb85d5b7040e8ddfcab68108 /bindings/c_api.h\n", 
            "9c778599614f2a42cb95ad662213cde5fcf791ec /bindings/python_api.cc\n", 
            "4b68d3399b31e14e554cff678a0db9b4d1299e23 /demos/BUILD.gn\n", 
            "07d85ea5fefade8d3d66ca832b783bf90e5bce7d /demos/py_demo_multi_stream.py\n", 
            "2f941e949770a2ea9ad6d6eea2f33fc19150edcd /demos/py_demo_multi_stream_free.py\n", 
            "73c60cf12cfb69619249e637f9bcad18a47cda6c /demos/py_demo_offline.py\n", 
            "02a6ddbe8b51bde2cfed32abeccdb7fdd9cfe4e7 /demos/py_demo_server.py\n", 
            "3e7d786882099ac784bf878f1cde9dd3db2f6d9f /demos/py_demo_single_stream.py\n", 
            "19242fc8e0f9e3eaf8bec9964ba33d760eeade96 /loadgen.cc\n", 
            "5526ae8ce9547a95f10e1ac465056bfba2fccb47 /loadgen.h\n", 
            "47f748307536f80cfc606947b440dd732afc2637 /loadgen_integration_diagram.svg\n", 
            "a69511f0c916eb2100b7f665605ff6ffdf0546be /logging.cc\n", 
            "fdb61b8a2e2593bab4ae5bf9758434cf6a60e218 /logging.h\n", 
            "a879f127c4bb64d131056942734ea1a6ba9c3033 /query_sample.h\n", 
            "922acb63aa734d36e3fa34d87ff0f361052e0c51 /query_sample_library.h\n", 
            "369f4320e027fc276d2519021696c7d1027b7320 /setup.py\n", 
            "744482c84336420adbbe31ef8c2b39612c6ca3f8 /system_under_test.h\n", 
            "ad3fa5b4e0395e77cd5e00ebae2d0a0eb538969d /test_settings.h\n", 
            "2f6e9b9506486cd0de01b8d8f5f0dfe8a8878773 /test_settings_internal.cc\n", 
            "1c15731be5abc26a6c90356720146862da7c22b4 /test_settings_internal.h\n", 
            "86fc4c8035e7b73132c56d1781aca647b6bd6916 /utils.cc\n", 
            "5395a04f82e90288f52bf918d7b1d6027bfe0964 /utils.h\n", 
            "e1c46896da912ff2a0187276c3a8ba4eec057a17 /version.cc\n", 
            "9d574baa64424e9c708fcfedd3dbb0b518a65fcc /version.h\n", 
            "07dbee77c9707efdb95def65477c288fe6667e92 /version_generator.py\n", 
            "\n", 
            "\"pid\": 14170, \"tid\": 14170, \"ts\": 49000ns : Date + time of test: 2019-10-10T23:24:12Z\n", 
            "\"pid\": 14170, \"tid\": 14170, \"ts\": 49000ns : System Under Test (SUT) name: ArmNN_TFLite_SUT\n", 
            "\"pid\": 14170, \"tid\": 14170, \"ts\": 49000ns : Query Sample Library (QSL) name: ArmNN_TFLite_QSL\n", 
            "\"pid\": 14170, \"tid\": 14170, \"ts\": 49000ns : QSL total size: 1024\n", 
            "\"pid\": 14170, \"tid\": 14170, \"ts\": 49000ns : QSL performance size*: 1024\n", 
            "\"pid\": 14170, \"tid\": 14170, \"ts\": 49000ns : *TestSettings (performance_sample_count_override) can override\n", 
            "\"pid\": 14170, \"tid\": 14170, \"ts\": 49000ns : *Refer to Effective Settings for actual value\n", 
            "\"pid\": 14170, \"tid\": 14170, \"ts\": 71750ns : \n", 
            "\"pid\": 14170, \"tid\": 14170, \"ts\": 71750ns : Effective Settings:\n", 
            "\"pid\": 14170, \"tid\": 14170, \"ts\": 71750ns : Scenario : Single Stream\n", 
            "\"pid\": 14170, \"tid\": 14170, \"ts\": 71750ns : Test mode : Performance\n", 
            "\"pid\": 14170, \"tid\": 14170, \"ts\": 71750ns : samples_per_query : 1\n", 
            "\"pid\": 14170, \"tid\": 14170, \"ts\": 71750ns : target_qps : 100\n", 
            "\"pid\": 14170, \"tid\": 14170, \"ts\": 71750ns : target_latency (ns): 0\n", 
            "\"pid\": 14170, \"tid\": 14170, \"ts\": 71750ns : target_latency_percentile : 0.9\n", 
            "\"pid\": 14170, \"tid\": 14170, \"ts\": 71750ns : max_async_queries : 1\n", 
            "\"pid\": 14170, \"tid\": 14170, \"ts\": 71750ns : target_duration (ms): 60000\n", 
            "\"pid\": 14170, \"tid\": 14170, \"ts\": 71750ns : min_duration (ms): 60000\n", 
            "\"pid\": 14170, \"tid\": 14170, \"ts\": 71750ns : max_duration (ms): 0\n", 
            "\"pid\": 14170, \"tid\": 14170, \"ts\": 71750ns : min_query_count : 1024\n", 
            "\"pid\": 14170, \"tid\": 14170, \"ts\": 71750ns : max_query_count : 0\n", 
            "\"pid\": 14170, \"tid\": 14170, \"ts\": 71750ns : min_sample_count : 1024\n", 
            "\"pid\": 14170, \"tid\": 14170, \"ts\": 71750ns : qsl_rng_seed : 3133965575612453542\n", 
            "\"pid\": 14170, \"tid\": 14170, \"ts\": 71750ns : sample_index_rng_seed : 665484352860916858\n", 
            "\"pid\": 14170, \"tid\": 14170, \"ts\": 71750ns : schedule_rng_seed : 3622009729038561421\n", 
            "\"pid\": 14170, \"tid\": 14170, \"ts\": 71750ns : accuracy_log_rng_seed : 0\n", 
            "\"pid\": 14170, \"tid\": 14170, \"ts\": 71750ns : accuracy_log_probability : 0\n", 
            "\"pid\": 14170, \"tid\": 14170, \"ts\": 71750ns : print_timestamps : false\n", 
            "\"pid\": 14170, \"tid\": 14170, \"ts\": 71750ns : performance_issue_unique : false\n", 
            "\"pid\": 14170, \"tid\": 14170, \"ts\": 71750ns : performance_issue_same : false\n", 
            "\"pid\": 14170, \"tid\": 14170, \"ts\": 71750ns : performance_issue_same_index : 0\n", 
            "\"pid\": 14170, \"tid\": 14170, \"ts\": 71750ns : performance_sample_count : 1024\n", 
            "\"pid\": 14170, \"tid\": 14170, \"ts\": 73791ns : \n", 
            "\"pid\": 14170, \"tid\": 14170, \"ts\": 73791ns : Requested Settings:\n", 
            "\"pid\": 14170, \"tid\": 14170, \"ts\": 73791ns : Scenario : Single Stream\n", 
            "\"pid\": 14170, \"tid\": 14170, \"ts\": 73791ns : Test mode : Performance\n", 
            "\"pid\": 14170, \"tid\": 14170, \"ts\": 73791ns : single_stream_expected_latency_ns : 10000000\n", 
            "\"pid\": 14170, \"tid\": 14170, \"ts\": 73791ns : single_stream_target_latency_percentile : 0.9\n", 
            "\"pid\": 14170, \"tid\": 14170, \"ts\": 73791ns : min_duration_ms : 60000\n", 
            "\"pid\": 14170, \"tid\": 14170, \"ts\": 73791ns : max_duration_ms : 0\n", 
            "\"pid\": 14170, \"tid\": 14170, \"ts\": 73791ns : min_query_count : 1024\n", 
            "\"pid\": 14170, \"tid\": 14170, \"ts\": 73791ns : max_query_count : 0\n", 
            "\"pid\": 14170, \"tid\": 14170, \"ts\": 73791ns : qsl_rng_seed : 3133965575612453542\n", 
            "\"pid\": 14170, \"tid\": 14170, \"ts\": 73791ns : sample_index_rng_seed : 665484352860916858\n", 
            "\"pid\": 14170, \"tid\": 14170, \"ts\": 73791ns : schedule_rng_seed : 3622009729038561421\n", 
            "\"pid\": 14170, \"tid\": 14170, \"ts\": 73791ns : accuracy_log_rng_seed : 0\n", 
            "\"pid\": 14170, \"tid\": 14170, \"ts\": 73791ns : accuracy_log_probability : 0\n", 
            "\"pid\": 14170, \"tid\": 14170, \"ts\": 73791ns : print_timestamps : false\n", 
            "\"pid\": 14170, \"tid\": 14170, \"ts\": 73791ns : performance_issue_unique : false\n", 
            "\"pid\": 14170, \"tid\": 14170, \"ts\": 73791ns : performance_issue_same : false\n", 
            "\"pid\": 14170, \"tid\": 14170, \"ts\": 73791ns : performance_issue_same_index : 0\n", 
            "\"pid\": 14170, \"tid\": 14170, \"ts\": 73791ns : performance_sample_count_override : 0\n", 
            "\"pid\": 14170, \"tid\": 14170, \"ts\": 73791ns : \n", 
            "\"pid\": 14170, \"tid\": 14170, \"ts\": 102958ns : Starting performance mode:\n", 
            "\"pid\": 14170, \"tid\": 14170, \"ts\": 138250ns : Loading QSL : \"set\" : \"[961,348,364,445,952,574,900,362,473,115,303,471,52,243,216,240,420,595,505,936,117,790,143,959,102,534,717,665,475,323,683,777,170,937,736,580,699,331,906,744,161,259,389,573,697,174,885,61,175,482,520,789,690,376,857,36,758,421,945,453,964,541,874,861,689,455,847,514,263,916,743,807,943,53,816,865,486,823,698,288,355,845,127,859,954,427,299,1000,962,876,472,687,1018,951,456,975,826,570,599,587,613,136,59,449,1020,533,617,462,128,484,379,978,272,478,169,502,799,800,836,78,44,661,675,895,57,742,702,118,490,671,657,708,205,899,467,42,627,301,577,688,316,330,853,237,47,483,837,279,966,806,568,187,268,592,991,325,298,632,748,393,722,788,22,63,332,101,97,972,179,46,633,417,1010,95,909,822,883,191,282,18,193,608,56,158,989,351,710,377,798,278,183,739,381,380,69,436,602,339,155,831,89,925,399,307,84,575,911,314,965,768,848,596,11,554,403,711,494,264,233,983,365,969,992,636,296,803,443,17,5,489,99,1,849,144,180,926,100,516,757,353,224,499,728,785,897,792,112,222,808,591,236,696,447,81,598,747,552,571,538,726,252,24,623,560,867,149,732,515,852,96,979,132,725,271,150,506,137,756,276,424,3,537,880,469,9,206,394,386,733,875,905,253,753,834,306,986,204,416,830,468,387,546,818,463,995,812,309,108,955,556,241,588,20,220,223,40,529,692,347,891,290,701,868,413,600,14,582,405,426,153,273,228,397,33,123,706,973,480,190,542,662,67,122,791,435,977,466,157,277,680,607,437,1009,302,378,586,68,562,45,919,526,62,682,551,863,4,423,31,147,676,908,458,304,213,154,695,928,391,66,677,767,51,960,245,414,700,459,1016,801,653,357,974,814,524,49,327,734,593,765,877,176,121,572,949,828,341,511,890,933,930,200,1021,769,1011,827,513,498,610,407,601,643,619,248,503,754,383,536,370,527,373,651,0,113,125,907,199,23,655,382,15,60,146,745,444,111,257,265,635,659,902,134,879,621,492,1012,712,267,457,1015,530,476,508,507,866,106,239,578,438,48,219,795,762,356,746,862,124,215,90,549,838,956,308,163,776,368,884,559,418,55,349,167,177,970,622,851,779,460,184,392,522,126,921,208,129,409,160,41,408,470,454,846,491,780,71,181,434,641,465,755,198,820,815,620,93,637,440,982,709,510,305,2,284,352,401,766,539,545,932,1002,260,448,678,21,35,666,333,192,246,43,173,938,664,315,730,750,821,939,412,214,618,783,133,366,673,994,550,334,644,141,843,13,731,321,152,369,674,878,589,8,1001,519,131,287,171,30,999,741,735,297,663,721,235,672,544,26,707,817,903,164,244,496,547,881,581,787,75,518,404,148,1023,162,898,987,300,390,346,324,971,819,749,385,603,1013,805,189,997,912,764,274,139,73,650,858,262,226,103,738,642,809,944,479,32,481,771,135,946,186,452,326,359,844,1007,540,1003,151,337,563,652,232,230,286,410,929,19,781,645,896,624,178,104,654,1019,763,646,947,850,567,311,775,579,251,691,258,310,1022,188,322,727,778,968,338,656,229,639,329,869,156,892,76,110,25,422,509,631,626,354,261,12,864,285,172,109,813,584,625,28,50,280,74,948,793,441,609,474,182,37,668,557,873,796,988,493,1006,165,107,872,993,915,116,882,451,29,281,531,250,714,65,647,829,770,740,634,918,985,442,145,419,841,1014,649,201,166,835,523,98,130,612,893,411,914,291,871,114,283,681,703,605,590,963,388,254,395,924,500,319,958,432,429,384,950,553,833,888,658,202,402,83,694,87,119,528,720,313,80,367,249,604,344,64,934,729,10,782,810,751,231,318,212,91,294,6,168,227,77,941,289,842,840,525,517,693,360,16,328,561,980,431,685,825,275,497,343,629,597,984,159,1005,247,940,439,317,832,342,58,433,270,504,194,207,521,255,917,953,548,488,927,923,737,105,718,723,660,242,430,203,786,1008,910,86,398,724,679,555,811,855,340,704,195,719,464,839,998,336,140,39,886,889,981,34,532,209,363,566,564,976,185,887,375,669,784,558,804,996,374,406,569,27,82,238,312,638,501,667,197,85,120,797,759,585,92,345,684,922,630,802,935,487,616,461,7,583,293,371,611,234,218,485,942,715,670,292,256,70,221,543,774,396,713,142,72,372,512,217,856,931,79,705,225,535,320,450,425,361,269,904,628,773,640,901,295,54,495,990,576,88,477,94,210,957,400,211,196,772,752,894,615,760,594,761,266,335,860,358,686,350,716,138,446,1004,428,870,854,38,920,606,794,648,415,1017,967,913,824,565,614]\"\n", 
            "\"pid\": 14170, \"tid\": 14170, \"ts\": 214785017ns : GeneratedQueries: \"queries\" : 12001, \"samples per query\" : 1, \"duration\" : 120010000000\n", 
            "\"pid\": 14170, \"tid\": 14170, \"ts\": 60247236319ns : Ending naturally: Minimum query count and test duration met.\n", 
            "\"pid\": 14170, \"tid\": 14170, \"ts\": 60251478610ns : Log Contention Counters:\n", 
            "\"pid\": 14170, \"tid\": 14170, \"ts\": 60251478610ns : 1 : swap_request_slots_retry_count\n", 
            "\"pid\": 14170, \"tid\": 14170, \"ts\": 60251478610ns : 0 : swap_request_slots_retry_retry_count\n", 
            "\"pid\": 14170, \"tid\": 14170, \"ts\": 60251478610ns : 0 : swap_request_slots_retry_reencounter_count\n", 
            "\"pid\": 14170, \"tid\": 14170, \"ts\": 60251478610ns : 1 : start_reading_entries_retry_count\n", 
            "\"pid\": 14170, \"tid\": 14170, \"ts\": 60251478610ns : 0 : tls_total_log_cas_fail_count\n", 
            "\"pid\": 14170, \"tid\": 14170, \"ts\": 60251478610ns : 0 : tls_total_swap_buffers_slot_retry_count\n", 
            "\"pid\": 14170, \"tid\": 14170, \"ts\": 60251479485ns : POWER_BEGIN: \"mode\" : Performance, \"time\" : 10-10-2019 23:24:12.756\n", 
            "\"pid\": 14170, \"tid\": 14170, \"ts\": 60251479485ns : POWER_END: \"mode\" : Performance, \"time\" : 10-10-2019 23:25:12.788\n"
          ], 
          "summary": [
            "================================================\n", 
            "MLPerf Results Summary\n", 
            "================================================\n", 
            "SUT name : ArmNN_TFLite_SUT\n", 
            "Scenario : Single Stream\n", 
            "Mode     : Performance\n", 
            "90th percentile latency (ns) : 27218908\n", 
            "Result is : VALID\n", 
            "  Min duration satisfied : Yes\n", 
            "  Min queries satisfied : Yes\n", 
            "\n", 
            "================================================\n", 
            "Additional Stats\n", 
            "================================================\n", 
            "QPS w/ loadgen overhead         : 37.16\n", 
            "QPS w/o loadgen overhead        : 37.19\n", 
            "\n", 
            "Min latency (ns)                : 26312992\n", 
            "Max latency (ns)                : 34663115\n", 
            "Mean latency (ns)               : 26886871\n", 
            "50.00 percentile latency (ns)   : 26749033\n", 
            "90.00 percentile latency (ns)   : 27218908\n", 
            "95.00 percentile latency (ns)   : 27522534\n", 
            "97.00 percentile latency (ns)   : 27825284\n", 
            "99.00 percentile latency (ns)   : 29531533\n", 
            "99.90 percentile latency (ns)   : 34320699\n", 
            "\n", 
            "================================================\n", 
            "Test Parameters Used\n", 
            "================================================\n", 
            "samples_per_query : 1\n", 
            "target_qps : 100\n", 
            "target_latency (ns): 0\n", 
            "max_async_queries : 1\n", 
            "min_duration (ms): 60000\n", 
            "max_duration (ms): 0\n", 
            "min_query_count : 1024\n", 
            "max_query_count : 0\n", 
            "qsl_rng_seed : 3133965575612453542\n", 
            "sample_index_rng_seed : 665484352860916858\n", 
            "schedule_rng_seed : 3622009729038561421\n", 
            "accuracy_log_rng_seed : 0\n", 
            "accuracy_log_probability : 0\n", 
            "print_timestamps : false\n", 
            "performance_issue_unique : false\n", 
            "performance_issue_same : false\n", 
            "performance_issue_same_index : 0\n", 
            "performance_sample_count : 1024\n", 
            "\n", 
            "No warnings encountered during test.\n", 
            "\n", 
            "No errors encountered during test.\n"
          ], 
          "trace": {}
        }, 
        "parsed_summary": {
          "50.00 percentile latency (ns)": "26749033", 
          "90.00 percentile latency (ns)": "27218908", 
          "90th percentile latency (ns)": "27218908", 
          "95.00 percentile latency (ns)": "27522534", 
          "97.00 percentile latency (ns)": "27825284", 
          "99.00 percentile latency (ns)": "29531533", 
          "99.90 percentile latency (ns)": "34320699", 
          "Max latency (ns)": "34663115", 
          "Mean latency (ns)": "26886871", 
          "Min duration satisfied": "Yes", 
          "Min latency (ns)": "26312992", 
          "Min queries satisfied": "Yes", 
          "Mode": "Performance", 
          "QPS w/ loadgen overhead": "37.16", 
          "QPS w/o loadgen overhead": "37.19", 
          "Result is": "VALID", 
          "SUT name": "ArmNN_TFLite_SUT", 
          "Scenario": "Single Stream", 
          "accuracy_log_probability": "0", 
          "accuracy_log_rng_seed": "0", 
          "max_async_queries": "1", 
          "max_duration (ms)": "0", 
          "max_query_count": "0", 
          "min_duration (ms)": "60000", 
          "min_query_count": "1024", 
          "performance_issue_same": "false", 
          "performance_issue_same_index": "0", 
          "performance_issue_unique": "false", 
          "performance_sample_count": "1024", 
          "print_timestamps": "false", 
          "qsl_rng_seed": "3133965575612453542", 
          "sample_index_rng_seed": "665484352860916858", 
          "samples_per_query": "1", 
          "schedule_rng_seed": "3622009729038561421", 
          "target_latency (ns)": "0", 
          "target_qps": "100"
        }, 
        "repeat": 1, 
        "return_code": 0, 
        "run_success": "yes", 
        "run_success_bool": true, 
        "total_execution_time": 0.0
      }
    }
  ], 
  "choices": {
    "cmd_key": "default", 
    "compile_type": "dynamic", 
    "compiler_description_uoa": "gcc-7.1.0-auto", 
    "compiler_flags": {
      "base_opt": "-O3"
    }, 
    "console": "", 
    "cpu_freq": "max", 
    "data_uoa": "image-classification-armnn-tflite-loadgen", 
    "dataset_file": "", 
    "device_id": "", 
    "env": {
      "CK_CPU_FREQUENCY": "max", 
      "CK_GPU_FREQUENCY": "max", 
      "CK_LOADGEN_BUFFER_SIZE": "1024", 
      "CK_LOADGEN_CONF_FILE": "../user.conf", 
      "CK_LOADGEN_DATASET_SIZE": "1024", 
      "CK_LOADGEN_MAX_DURATION_S": 0, 
      "CK_LOADGEN_MODE": "PerformanceOnly", 
      "CK_LOADGEN_OFFLINE_EXPECTED_QPS": 0, 
      "CK_LOADGEN_SCENARIO": "SingleStream", 
      "CK_LOADGEN_SUPPORT": "YES", 
      "CK_LOADGEN_TRIGGER_COLD_RUN": "yes", 
      "CK_RESULTS_DIR": "predictions", 
      "CK_SKIP_IMAGES": 0, 
      "CK_VERBOSE": "1", 
      "USE_NEON": "NO", 
      "USE_OPENCL": "1"
    }, 
    "gpu_freq": "max", 
    "host_os": "linux-64", 
    "module_uoa": "b0ac08fe1d3c2615", 
    "no_state_check": "yes", 
    "repeat": 1, 
    "skip_print_timers": "yes", 
    "target": "", 
    "target_os": "linux-64", 
    "target_os_bits": "64"
  }, 
  "choices_order": [], 
  "features": {
    "compiler_version": {
      "list": [
        7, 
        4, 
        0
      ], 
      "raw": [
        "gcc-7 (Ubuntu/Linaro 7.4.0-1ubuntu1~16.04~ppa1) 7.4.0", 
        "Copyright (C) 2017 Free Software Foundation, Inc.", 
        "This is free software; see the source for copying conditions.  There is NO", 
        "warranty; not even for MERCHANTABILITY or FITNESS FOR A PARTICULAR PURPOSE.", 
        "", 
        ""
      ], 
      "str": "7.4.0"
    }, 
    "number_of_selected_compiler_flags": 1, 
    "platform": {
      "cpu": {
        "all_freqs": {
          "0": [
            408000, 
            600000, 
            816000, 
            1008000, 
            1200000, 
            1416000
          ], 
          "1": [
            408000, 
            600000, 
            816000, 
            1008000, 
            1200000, 
            1416000
          ], 
          "2": [
            408000, 
            600000, 
            816000, 
            1008000, 
            1200000, 
            1416000
          ], 
          "3": [
            408000, 
            600000, 
            816000, 
            1008000, 
            1200000, 
            1416000
          ], 
          "4": [
            408000, 
            600000, 
            816000, 
            1008000, 
            1200000, 
            1416000, 
            1608000, 
            1800000
          ], 
          "5": [
            408000, 
            600000, 
            816000, 
            1008000, 
            1200000, 
            1416000, 
            1608000, 
            1800000
          ]
        }, 
        "cpu_abi": "", 
        "cpu_features": "fp asimd evtstrm aes pmull sha1 sha2 crc32", 
        "current_freq": {
          "0": 1416.0, 
          "1": 1416.0, 
          "2": 1416.0, 
          "3": 1416.0, 
          "4": 1800.0, 
          "5": 1800.0
        }, 
        "max_freq": {
          "0": 1416.0, 
          "1": 1416.0, 
          "2": 1416.0, 
          "3": 1416.0, 
          "4": 1800.0, 
          "5": 1800.0
        }, 
        "name": "", 
        "num_proc": "6", 
        "sub_name": "", 
        "workload_automation": {
          "device_config": {
            "core_clusters": [
              0, 
              0, 
              0, 
              0, 
              1, 
              1
            ], 
            "core_names": [
              "0x41-8-0x0-0xd03-4", 
              "0x41-8-0x0-0xd03-4", 
              "0x41-8-0x0-0xd03-4", 
              "0x41-8-0x0-0xd03-4", 
              "0x41-8-0x0-0xd08-2", 
              "0x41-8-0x0-0xd08-2"
            ]
          }
        }
      }, 
      "cpu_misc": {
        "0": {
          "BogoMIPS": "48.00", 
          "CPU architecture": "8", 
          "CPU implementer": "0x41", 
          "CPU part": "0xd03", 
          "CPU revision": "4", 
          "CPU variant": "0x0", 
          "Features": "fp asimd evtstrm aes pmull sha1 sha2 crc32", 
          "all_freqs": [
            "0", 
            "0", 
            "0", 
            "0", 
            "0", 
            "0"
          ], 
          "ck_cpu_name": "0x41-8-0x0-0xd03-4", 
          "cpu_abi": "", 
          "cpu_features": "fp asimd evtstrm aes pmull sha1 sha2 crc32", 
          "cur_freq": 1416.0, 
          "max_freq": 1416.0, 
          "new_format": "yes", 
          "processor": "0"
        }, 
        "1": {
          "BogoMIPS": "48.00", 
          "CPU architecture": "8", 
          "CPU implementer": "0x41", 
          "CPU part": "0xd03", 
          "CPU revision": "4", 
          "CPU variant": "0x0", 
          "Features": "fp asimd evtstrm aes pmull sha1 sha2 crc32", 
          "all_freqs": [
            "1", 
            "1", 
            "1", 
            "1", 
            "1", 
            "1"
          ], 
          "ck_cpu_name": "0x41-8-0x0-0xd03-4", 
          "cpu_abi": "", 
          "cpu_features": "fp asimd evtstrm aes pmull sha1 sha2 crc32", 
          "cur_freq": 1416.0, 
          "max_freq": 1416.0, 
          "new_format": "yes", 
          "processor": "1"
        }, 
        "2": {
          "BogoMIPS": "48.00", 
          "CPU architecture": "8", 
          "CPU implementer": "0x41", 
          "CPU part": "0xd03", 
          "CPU revision": "4", 
          "CPU variant": "0x0", 
          "Features": "fp asimd evtstrm aes pmull sha1 sha2 crc32", 
          "all_freqs": [
            "2", 
            "2", 
            "2", 
            "2", 
            "2", 
            "2"
          ], 
          "ck_cpu_name": "0x41-8-0x0-0xd03-4", 
          "cpu_abi": "", 
          "cpu_features": "fp asimd evtstrm aes pmull sha1 sha2 crc32", 
          "cur_freq": 1416.0, 
          "max_freq": 1416.0, 
          "new_format": "yes", 
          "processor": "2"
        }, 
        "3": {
          "BogoMIPS": "48.00", 
          "CPU architecture": "8", 
          "CPU implementer": "0x41", 
          "CPU part": "0xd03", 
          "CPU revision": "4", 
          "CPU variant": "0x0", 
          "Features": "fp asimd evtstrm aes pmull sha1 sha2 crc32", 
          "all_freqs": [
            "3", 
            "3", 
            "3", 
            "3", 
            "3", 
            "3"
          ], 
          "ck_cpu_name": "0x41-8-0x0-0xd03-4", 
          "cpu_abi": "", 
          "cpu_features": "fp asimd evtstrm aes pmull sha1 sha2 crc32", 
          "cur_freq": 1416.0, 
          "max_freq": 1416.0, 
          "new_format": "yes", 
          "processor": "3"
        }, 
        "4": {
          "BogoMIPS": "48.00", 
          "CPU architecture": "8", 
          "CPU implementer": "0x41", 
          "CPU part": "0xd08", 
          "CPU revision": "2", 
          "CPU variant": "0x0", 
          "Features": "fp asimd evtstrm aes pmull sha1 sha2 crc32", 
          "all_freqs": [
            "4", 
            "4", 
            "4", 
            "4", 
            "4", 
            "4", 
            "4", 
            "4"
          ], 
          "ck_cpu_name": "0x41-8-0x0-0xd08-2", 
          "cpu_abi": "", 
          "cpu_features": "fp asimd evtstrm aes pmull sha1 sha2 crc32", 
          "cur_freq": 1800.0, 
          "max_freq": 1800.0, 
          "new_format": "yes", 
          "processor": "4"
        }, 
        "5": {
          "BogoMIPS": "48.00", 
          "CPU architecture": "8", 
          "CPU implementer": "0x41", 
          "CPU part": "0xd08", 
          "CPU revision": "2", 
          "CPU variant": "0x0", 
          "Features": "fp asimd evtstrm aes pmull sha1 sha2 crc32", 
          "Serial": "0000000000000000", 
          "all_freqs": [
            "5", 
            "5", 
            "5", 
            "5", 
            "5", 
            "5", 
            "5", 
            "5"
          ], 
          "ck_cpu_name": "0x41-8-0x0-0xd08-2", 
          "cpu_abi": "", 
          "cpu_features": "fp asimd evtstrm aes pmull sha1 sha2 crc32", 
          "cur_freq": 1800.0, 
          "max_freq": 1800.0, 
          "new_format": "yes", 
          "processor": "5"
        }
      }, 
      "cpu_new_format": "yes", 
      "cpu_unique": [
        {
          "BogoMIPS": "48.00", 
          "CPU architecture": "8", 
          "CPU implementer": "0x41", 
          "CPU part": "0xd03", 
          "CPU revision": "4", 
          "CPU variant": "0x0", 
          "Features": "fp asimd evtstrm aes pmull sha1 sha2 crc32", 
          "all_freqs": [
            "0", 
            "0", 
            "0", 
            "0", 
            "0", 
            "0"
          ], 
          "ck_cpu_name": "0x41-8-0x0-0xd03-4", 
          "cpu_abi": "", 
          "cpu_features": "fp asimd evtstrm aes pmull sha1 sha2 crc32", 
          "cur_freq": 1416.0, 
          "max_freq": 1416.0, 
          "new_format": "yes", 
          "processor": "0"
        }, 
        {
          "BogoMIPS": "48.00", 
          "CPU architecture": "8", 
          "CPU implementer": "0x41", 
          "CPU part": "0xd08", 
          "CPU revision": "2", 
          "CPU variant": "0x0", 
          "Features": "fp asimd evtstrm aes pmull sha1 sha2 crc32", 
          "all_freqs": [
            "4", 
            "4", 
            "4", 
            "4", 
            "4", 
            "4", 
            "4", 
            "4"
          ], 
          "ck_cpu_name": "0x41-8-0x0-0xd08-2", 
          "cpu_abi": "", 
          "cpu_features": "fp asimd evtstrm aes pmull sha1 sha2 crc32", 
          "cur_freq": 1800.0, 
          "max_freq": 1800.0, 
          "new_format": "yes", 
          "processor": "4"
        }
      ], 
      "gpu": {
        "name": "", 
        "vendor": ""
      }, 
      "gpu_misc": {}, 
      "os": {
        "abi": "aarch64", 
        "bits": "64", 
        "ck_os_base_uoa": "", 
        "ck_os_uoa": "linux-64", 
        "name": "Ubuntu 16.04.6 LTS", 
        "name_long": "Linux-4.4.77-aarch64-with-Ubuntu-16.04-xenial", 
        "name_short": "Linux 4.4.77", 
        "serial_number": ""
      }, 
      "os_misc": {}, 
      "platform": {
        "model": "Rockchip RK3399 Firefly Board (Linux Opensource)\u0000", 
        "name": "Rockchip (Rockchip RK3399 Firefly Board (Linux Opensource)\u0000)", 
        "vendor": "Rockchip"
      }, 
      "platform_misc": {}
    }, 
    "statistical_repetitions": 1
  }
}
