{
  "choices": {
    "cmd_key": "default", 
    "compile_type": "dynamic", 
    "compiler_description_uoa": "gcc-7.1.0-auto", 
    "compiler_flags": {
      "base_opt": "-O3"
    }, 
    "console": "", 
    "cpu_freq": "max", 
    "data_uoa": "image-classification-armnn-tflite-loadgen", 
    "dataset_file": "", 
    "device_id": "", 
    "env": {
      "CK_CPU_FREQUENCY": "max", 
      "CK_GPU_FREQUENCY": "max", 
      "CK_LOADGEN_BUFFER_SIZE": "500", 
      "CK_LOADGEN_CONF_FILE": "../user.conf", 
      "CK_LOADGEN_DATASET_SIZE": "50000", 
      "CK_LOADGEN_MAX_DURATION_S": 0, 
      "CK_LOADGEN_MODE": "AccuracyOnly", 
      "CK_LOADGEN_OFFLINE_EXPECTED_QPS": 0, 
      "CK_LOADGEN_SCENARIO": "SingleStream", 
      "CK_LOADGEN_SUPPORT": "YES", 
      "CK_LOADGEN_TRIGGER_COLD_RUN": "yes", 
      "CK_RESULTS_DIR": "predictions", 
      "CK_SKIP_IMAGES": 0, 
      "CK_VERBOSE": "2", 
      "USE_NEON": "NO", 
      "USE_OPENCL": "1"
    }, 
    "gpu_freq": "max", 
    "host_os": "linux-64", 
    "module_uoa": "b0ac08fe1d3c2615", 
    "no_state_check": "yes", 
    "repeat": 1, 
    "skip_print_timers": "yes", 
    "target": "", 
    "target_os": "linux-64", 
    "target_os_bits": "64"
  }, 
  "choices_order": [], 
  "features": {
    "compiler_version": {
      "list": [
        7, 
        4, 
        0
      ], 
      "raw": [
        "gcc-7 (Ubuntu/Linaro 7.4.0-1ubuntu1~16.04~ppa1) 7.4.0", 
        "Copyright (C) 2017 Free Software Foundation, Inc.", 
        "This is free software; see the source for copying conditions.  There is NO", 
        "warranty; not even for MERCHANTABILITY or FITNESS FOR A PARTICULAR PURPOSE.", 
        "", 
        ""
      ], 
      "str": "7.4.0"
    }, 
    "number_of_selected_compiler_flags": 1, 
    "platform": {
      "cpu": {
        "all_freqs": {
          "0": [
            408000, 
            600000, 
            816000, 
            1008000, 
            1200000, 
            1416000
          ], 
          "1": [
            408000, 
            600000, 
            816000, 
            1008000, 
            1200000, 
            1416000
          ], 
          "2": [
            408000, 
            600000, 
            816000, 
            1008000, 
            1200000, 
            1416000
          ], 
          "3": [
            408000, 
            600000, 
            816000, 
            1008000, 
            1200000, 
            1416000
          ], 
          "4": [
            408000, 
            600000, 
            816000, 
            1008000, 
            1200000, 
            1416000, 
            1608000, 
            1800000
          ], 
          "5": [
            408000, 
            600000, 
            816000, 
            1008000, 
            1200000, 
            1416000, 
            1608000, 
            1800000
          ]
        }, 
        "cpu_abi": "", 
        "cpu_features": "fp asimd evtstrm aes pmull sha1 sha2 crc32", 
        "current_freq": {
          "0": 1416.0, 
          "1": 1416.0, 
          "2": 1416.0, 
          "3": 1416.0, 
          "4": 1800.0, 
          "5": 1800.0
        }, 
        "max_freq": {
          "0": 1416.0, 
          "1": 1416.0, 
          "2": 1416.0, 
          "3": 1416.0, 
          "4": 1800.0, 
          "5": 1800.0
        }, 
        "name": "", 
        "num_proc": "6", 
        "sub_name": "", 
        "workload_automation": {
          "device_config": {
            "core_clusters": [
              0, 
              0, 
              0, 
              0, 
              1, 
              1
            ], 
            "core_names": [
              "0x41-8-0x0-0xd03-4", 
              "0x41-8-0x0-0xd03-4", 
              "0x41-8-0x0-0xd03-4", 
              "0x41-8-0x0-0xd03-4", 
              "0x41-8-0x0-0xd08-2", 
              "0x41-8-0x0-0xd08-2"
            ]
          }
        }
      }, 
      "cpu_misc": {
        "0": {
          "BogoMIPS": "48.00", 
          "CPU architecture": "8", 
          "CPU implementer": "0x41", 
          "CPU part": "0xd03", 
          "CPU revision": "4", 
          "CPU variant": "0x0", 
          "Features": "fp asimd evtstrm aes pmull sha1 sha2 crc32", 
          "all_freqs": [
            "0", 
            "0", 
            "0", 
            "0", 
            "0", 
            "0"
          ], 
          "ck_cpu_name": "0x41-8-0x0-0xd03-4", 
          "cpu_abi": "", 
          "cpu_features": "fp asimd evtstrm aes pmull sha1 sha2 crc32", 
          "cur_freq": 1416.0, 
          "max_freq": 1416.0, 
          "new_format": "yes", 
          "processor": "0"
        }, 
        "1": {
          "BogoMIPS": "48.00", 
          "CPU architecture": "8", 
          "CPU implementer": "0x41", 
          "CPU part": "0xd03", 
          "CPU revision": "4", 
          "CPU variant": "0x0", 
          "Features": "fp asimd evtstrm aes pmull sha1 sha2 crc32", 
          "all_freqs": [
            "1", 
            "1", 
            "1", 
            "1", 
            "1", 
            "1"
          ], 
          "ck_cpu_name": "0x41-8-0x0-0xd03-4", 
          "cpu_abi": "", 
          "cpu_features": "fp asimd evtstrm aes pmull sha1 sha2 crc32", 
          "cur_freq": 1416.0, 
          "max_freq": 1416.0, 
          "new_format": "yes", 
          "processor": "1"
        }, 
        "2": {
          "BogoMIPS": "48.00", 
          "CPU architecture": "8", 
          "CPU implementer": "0x41", 
          "CPU part": "0xd03", 
          "CPU revision": "4", 
          "CPU variant": "0x0", 
          "Features": "fp asimd evtstrm aes pmull sha1 sha2 crc32", 
          "all_freqs": [
            "2", 
            "2", 
            "2", 
            "2", 
            "2", 
            "2"
          ], 
          "ck_cpu_name": "0x41-8-0x0-0xd03-4", 
          "cpu_abi": "", 
          "cpu_features": "fp asimd evtstrm aes pmull sha1 sha2 crc32", 
          "cur_freq": 1416.0, 
          "max_freq": 1416.0, 
          "new_format": "yes", 
          "processor": "2"
        }, 
        "3": {
          "BogoMIPS": "48.00", 
          "CPU architecture": "8", 
          "CPU implementer": "0x41", 
          "CPU part": "0xd03", 
          "CPU revision": "4", 
          "CPU variant": "0x0", 
          "Features": "fp asimd evtstrm aes pmull sha1 sha2 crc32", 
          "all_freqs": [
            "3", 
            "3", 
            "3", 
            "3", 
            "3", 
            "3"
          ], 
          "ck_cpu_name": "0x41-8-0x0-0xd03-4", 
          "cpu_abi": "", 
          "cpu_features": "fp asimd evtstrm aes pmull sha1 sha2 crc32", 
          "cur_freq": 1416.0, 
          "max_freq": 1416.0, 
          "new_format": "yes", 
          "processor": "3"
        }, 
        "4": {
          "BogoMIPS": "48.00", 
          "CPU architecture": "8", 
          "CPU implementer": "0x41", 
          "CPU part": "0xd08", 
          "CPU revision": "2", 
          "CPU variant": "0x0", 
          "Features": "fp asimd evtstrm aes pmull sha1 sha2 crc32", 
          "all_freqs": [
            "4", 
            "4", 
            "4", 
            "4", 
            "4", 
            "4", 
            "4", 
            "4"
          ], 
          "ck_cpu_name": "0x41-8-0x0-0xd08-2", 
          "cpu_abi": "", 
          "cpu_features": "fp asimd evtstrm aes pmull sha1 sha2 crc32", 
          "cur_freq": 1800.0, 
          "max_freq": 1800.0, 
          "new_format": "yes", 
          "processor": "4"
        }, 
        "5": {
          "BogoMIPS": "48.00", 
          "CPU architecture": "8", 
          "CPU implementer": "0x41", 
          "CPU part": "0xd08", 
          "CPU revision": "2", 
          "CPU variant": "0x0", 
          "Features": "fp asimd evtstrm aes pmull sha1 sha2 crc32", 
          "Serial": "0000000000000000", 
          "all_freqs": [
            "5", 
            "5", 
            "5", 
            "5", 
            "5", 
            "5", 
            "5", 
            "5"
          ], 
          "ck_cpu_name": "0x41-8-0x0-0xd08-2", 
          "cpu_abi": "", 
          "cpu_features": "fp asimd evtstrm aes pmull sha1 sha2 crc32", 
          "cur_freq": 1800.0, 
          "max_freq": 1800.0, 
          "new_format": "yes", 
          "processor": "5"
        }
      }, 
      "cpu_new_format": "yes", 
      "cpu_unique": [
        {
          "BogoMIPS": "48.00", 
          "CPU architecture": "8", 
          "CPU implementer": "0x41", 
          "CPU part": "0xd03", 
          "CPU revision": "4", 
          "CPU variant": "0x0", 
          "Features": "fp asimd evtstrm aes pmull sha1 sha2 crc32", 
          "all_freqs": [
            "0", 
            "0", 
            "0", 
            "0", 
            "0", 
            "0"
          ], 
          "ck_cpu_name": "0x41-8-0x0-0xd03-4", 
          "cpu_abi": "", 
          "cpu_features": "fp asimd evtstrm aes pmull sha1 sha2 crc32", 
          "cur_freq": 1416.0, 
          "max_freq": 1416.0, 
          "new_format": "yes", 
          "processor": "0"
        }, 
        {
          "BogoMIPS": "48.00", 
          "CPU architecture": "8", 
          "CPU implementer": "0x41", 
          "CPU part": "0xd08", 
          "CPU revision": "2", 
          "CPU variant": "0x0", 
          "Features": "fp asimd evtstrm aes pmull sha1 sha2 crc32", 
          "all_freqs": [
            "4", 
            "4", 
            "4", 
            "4", 
            "4", 
            "4", 
            "4", 
            "4"
          ], 
          "ck_cpu_name": "0x41-8-0x0-0xd08-2", 
          "cpu_abi": "", 
          "cpu_features": "fp asimd evtstrm aes pmull sha1 sha2 crc32", 
          "cur_freq": 1800.0, 
          "max_freq": 1800.0, 
          "new_format": "yes", 
          "processor": "4"
        }
      ], 
      "gpu": {
        "name": "", 
        "vendor": ""
      }, 
      "gpu_misc": {}, 
      "os": {
        "abi": "aarch64", 
        "bits": "64", 
        "ck_os_base_uoa": "", 
        "ck_os_uoa": "linux-64", 
        "name": "Ubuntu 16.04.6 LTS", 
        "name_long": "Linux-4.4.77-aarch64-with-Ubuntu-16.04-xenial", 
        "name_short": "Linux 4.4.77", 
        "serial_number": ""
      }, 
      "os_misc": {}, 
      "platform": {
        "model": "Rockchip RK3399 Firefly Board (Linux Opensource)\u0000", 
        "name": "Rockchip (Rockchip RK3399 Firefly Board (Linux Opensource)\u0000)", 
        "vendor": "Rockchip"
      }, 
      "platform_misc": {}
    }, 
    "statistical_repetitions": 1
  }, 
  "sub_points": 1
}
