{
  "characteristics_list": [
    {
      "compile": {
        "binary_size": 3092776,
        "compilation_success": "yes",
        "compilation_success_bool": true,
        "compilation_time": 16.409064769744873,
        "compilation_time_with_module": 18.171980381011963,
        "joined_compiler_flags": "-O3",
        "md5_sum": "753bd5d66abf2c1d6aa9e75f12401f95",
        "obj_size": 136020,
        "obj_sizes": {
          "classification.o": 136020
        },
        "program_git_hash": "8c1ec8c49fbc8f9c0e1315cfbf7b103983d49110"
      },
      "run": {
        "execution_time": 0.0,
        "execution_time_with_module": 508.8345184326172,
        "mlperf_log": {
          "accuracy": [],
          "detail": [
            "\"pid\": 18662, \"tid\": 18662, \"ts\": 7499ns : LoadgenVersionInfo:\n",
            "\"pid\": 18662, \"tid\": 18662, \"ts\": 7499ns : version : .5a1 @ 413dbabcb3\n",
            "\"pid\": 18662, \"tid\": 18662, \"ts\": 7499ns : build_date_local : 2019-10-10T20:48:25.800379\n",
            "\"pid\": 18662, \"tid\": 18662, \"ts\": 7499ns : build_date_utc   : 2019-10-10T19:48:25.800429\n",
            "\"pid\": 18662, \"tid\": 18662, \"ts\": 7499ns : git_commit_date  : 2019-10-09T11:02:56-07:00\n",
            "\"pid\": 18662, \"tid\": 18662, \"ts\": 7499ns : git_log :\n",
            "\n",
            "413dbabcb30dc2ee1fe42e7b8090b37e8144617d Merge pull request #489 from guschmue/gs/seeds_to_config\n",
            "168255031dd893fdc1fe94c63c950d0c07478bb3 fix for 490 (#496)\n",
            "c807d3025c7f796fd8b0d429a7bf196e0e3609f4 dot missing in ssd-resnet34 line\n",
            "71940a7a4c39ab3e099d93bdcf60763fbb52587a Merge pull request #473 from guschmue/gs/submission\n",
            "157173e8fefe9faca9266a2f69c6b4549e76680e fix sample_index_rng_seed\n",
            "d3814314be893a3a7e14230292ea00a603a365db add performance_sample_count_override and seeds to config\n",
            "ba7baa0f68f37b6b693ea64961024cdd0fb11009 add the official names to perf sample count\n",
            "2d3ba0b95a641a22b7ab7b52771e792c01b2f88f fix perf sample count for gnmt\n",
            "7bc9a1f07048e09061f6c611e5ec95f367e0762c check performance_sample_count\n",
            "bdc8d66d92417772031b54ea40c0c97a22dd0dac add filter for submitter\n",
            "4384c31ab6485132554b5f7a4cea066093319f55 more checkers for submitters and division\n",
            "448a89831f56e16da20f476b49d80db3662ef2af address review feedback\n",
            "d4b930cefe17861188c356597582c69277e5dc6b Merge branch 'master' into gs/submission\n",
            "61220457dec221ed1984c62bd9d382698bd71bc6 loadgen: re-apply fix for msvc (#459)\n",
            "ab19825ca48a9f6f2faa208cf1d5135598f1d8c6 check for ERROR in detailed logs\n",
            "5684c11e3987b614aae830390fa0e92f56b7e800 Update the broken txt url link (#456)\n",
            "\n",
            "\"pid\": 18662, \"tid\": 18662, \"ts\": 7499ns : git_status :\n",
            "\n",
            "\n",
            "\n",
            "\"pid\": 18662, \"tid\": 18662, \"ts\": 7499ns : SHA1 of files :\n",
            "\n",
            "012aad77e5206c89d50718c46c119d1f3cb056b2 /.clang-format\n",
            "a3355ff8f163cabbf26adb86d3aa0e5da72900c7 /BUILD.gn\n",
            "25ddf9bbe1429de0d036f073497c1e90cb419519 /CMakeLists.txt\n",
            "79fbce4843967690e0750fd7ffc021f4f1e4c5c4 /README.md\n",
            "34b89a712a0ca1691b89715fe2ce459a676d0f77 /README_BUILD.md\n",
            "f75741b91085a20ebb23de1ce03d45a56d3457fe /README_FAQ.md\n",
            "fa2add871dc7440cbda1f8c7a69e96eb6499951a /bindings/c_api.cc\n",
            "8fdaa27778cf3ee2eb85d5b7040e8ddfcab68108 /bindings/c_api.h\n",
            "9c778599614f2a42cb95ad662213cde5fcf791ec /bindings/python_api.cc\n",
            "4b68d3399b31e14e554cff678a0db9b4d1299e23 /demos/BUILD.gn\n",
            "07d85ea5fefade8d3d66ca832b783bf90e5bce7d /demos/py_demo_multi_stream.py\n",
            "2f941e949770a2ea9ad6d6eea2f33fc19150edcd /demos/py_demo_multi_stream_free.py\n",
            "73c60cf12cfb69619249e637f9bcad18a47cda6c /demos/py_demo_offline.py\n",
            "02a6ddbe8b51bde2cfed32abeccdb7fdd9cfe4e7 /demos/py_demo_server.py\n",
            "3e7d786882099ac784bf878f1cde9dd3db2f6d9f /demos/py_demo_single_stream.py\n",
            "19242fc8e0f9e3eaf8bec9964ba33d760eeade96 /loadgen.cc\n",
            "5526ae8ce9547a95f10e1ac465056bfba2fccb47 /loadgen.h\n",
            "47f748307536f80cfc606947b440dd732afc2637 /loadgen_integration_diagram.svg\n",
            "a69511f0c916eb2100b7f665605ff6ffdf0546be /logging.cc\n",
            "fdb61b8a2e2593bab4ae5bf9758434cf6a60e218 /logging.h\n",
            "a879f127c4bb64d131056942734ea1a6ba9c3033 /query_sample.h\n",
            "922acb63aa734d36e3fa34d87ff0f361052e0c51 /query_sample_library.h\n",
            "369f4320e027fc276d2519021696c7d1027b7320 /setup.py\n",
            "744482c84336420adbbe31ef8c2b39612c6ca3f8 /system_under_test.h\n",
            "ad3fa5b4e0395e77cd5e00ebae2d0a0eb538969d /test_settings.h\n",
            "56a654a4bd7e5f5faef94189c21ddcbfba3f7008 /test_settings_internal.cc\n",
            "1c15731be5abc26a6c90356720146862da7c22b4 /test_settings_internal.h\n",
            "86fc4c8035e7b73132c56d1781aca647b6bd6916 /utils.cc\n",
            "5395a04f82e90288f52bf918d7b1d6027bfe0964 /utils.h\n",
            "e1c46896da912ff2a0187276c3a8ba4eec057a17 /version.cc\n",
            "9d574baa64424e9c708fcfedd3dbb0b518a65fcc /version.h\n",
            "07dbee77c9707efdb95def65477c288fe6667e92 /version_generator.py\n",
            "\n",
            "\"pid\": 18662, \"tid\": 18662, \"ts\": 31684ns : Date + time of test: 2019-10-12T18:41:13Z\n",
            "\"pid\": 18662, \"tid\": 18662, \"ts\": 31684ns : System Under Test (SUT) name: TFLite_SUT\n",
            "\"pid\": 18662, \"tid\": 18662, \"ts\": 31684ns : Query Sample Library (QSL) name: TFLite_QSL\n",
            "\"pid\": 18662, \"tid\": 18662, \"ts\": 31684ns : QSL total size: 1024\n",
            "\"pid\": 18662, \"tid\": 18662, \"ts\": 31684ns : QSL performance size*: 1024\n",
            "\"pid\": 18662, \"tid\": 18662, \"ts\": 31684ns : *TestSettings (performance_sample_count_override) can override\n",
            "\"pid\": 18662, \"tid\": 18662, \"ts\": 31684ns : *Refer to Effective Settings for actual value\n",
            "\"pid\": 18662, \"tid\": 18662, \"ts\": 59794ns : \n",
            "\"pid\": 18662, \"tid\": 18662, \"ts\": 59794ns : Effective Settings:\n",
            "\"pid\": 18662, \"tid\": 18662, \"ts\": 59794ns : Scenario : Single Stream\n",
            "\"pid\": 18662, \"tid\": 18662, \"ts\": 59794ns : Test mode : Performance\n",
            "\"pid\": 18662, \"tid\": 18662, \"ts\": 59794ns : samples_per_query : 1\n",
            "\"pid\": 18662, \"tid\": 18662, \"ts\": 59794ns : target_qps : 100\n",
            "\"pid\": 18662, \"tid\": 18662, \"ts\": 59794ns : target_latency (ns): 0\n",
            "\"pid\": 18662, \"tid\": 18662, \"ts\": 59794ns : target_latency_percentile : 0.9\n",
            "\"pid\": 18662, \"tid\": 18662, \"ts\": 59794ns : max_async_queries : 1\n",
            "\"pid\": 18662, \"tid\": 18662, \"ts\": 59794ns : target_duration (ms): 60000\n",
            "\"pid\": 18662, \"tid\": 18662, \"ts\": 59794ns : min_duration (ms): 60000\n",
            "\"pid\": 18662, \"tid\": 18662, \"ts\": 59794ns : max_duration (ms): 0\n",
            "\"pid\": 18662, \"tid\": 18662, \"ts\": 59794ns : min_query_count : 1024\n",
            "\"pid\": 18662, \"tid\": 18662, \"ts\": 59794ns : max_query_count : 0\n",
            "\"pid\": 18662, \"tid\": 18662, \"ts\": 59794ns : min_sample_count : 1024\n",
            "\"pid\": 18662, \"tid\": 18662, \"ts\": 59794ns : qsl_rng_seed : 3133965575612453542\n",
            "\"pid\": 18662, \"tid\": 18662, \"ts\": 59794ns : sample_index_rng_seed : 665484352860916858\n",
            "\"pid\": 18662, \"tid\": 18662, \"ts\": 59794ns : schedule_rng_seed : 3622009729038561421\n",
            "\"pid\": 18662, \"tid\": 18662, \"ts\": 59794ns : accuracy_log_rng_seed : 0\n",
            "\"pid\": 18662, \"tid\": 18662, \"ts\": 59794ns : accuracy_log_probability : 0\n",
            "\"pid\": 18662, \"tid\": 18662, \"ts\": 59794ns : print_timestamps : false\n",
            "\"pid\": 18662, \"tid\": 18662, \"ts\": 59794ns : performance_issue_unique : false\n",
            "\"pid\": 18662, \"tid\": 18662, \"ts\": 59794ns : performance_issue_same : false\n",
            "\"pid\": 18662, \"tid\": 18662, \"ts\": 59794ns : performance_issue_same_index : 0\n",
            "\"pid\": 18662, \"tid\": 18662, \"ts\": 59794ns : performance_sample_count : 1024\n",
            "\"pid\": 18662, \"tid\": 18662, \"ts\": 62165ns : \n",
            "\"pid\": 18662, \"tid\": 18662, \"ts\": 62165ns : Requested Settings:\n",
            "\"pid\": 18662, \"tid\": 18662, \"ts\": 62165ns : Scenario : Single Stream\n",
            "\"pid\": 18662, \"tid\": 18662, \"ts\": 62165ns : Test mode : Performance\n",
            "\"pid\": 18662, \"tid\": 18662, \"ts\": 62165ns : single_stream_expected_latency_ns : 10000000\n",
            "\"pid\": 18662, \"tid\": 18662, \"ts\": 62165ns : single_stream_target_latency_percentile : 0.9\n",
            "\"pid\": 18662, \"tid\": 18662, \"ts\": 62165ns : min_duration_ms : 60000\n",
            "\"pid\": 18662, \"tid\": 18662, \"ts\": 62165ns : max_duration_ms : 0\n",
            "\"pid\": 18662, \"tid\": 18662, \"ts\": 62165ns : min_query_count : 1024\n",
            "\"pid\": 18662, \"tid\": 18662, \"ts\": 62165ns : max_query_count : 0\n",
            "\"pid\": 18662, \"tid\": 18662, \"ts\": 62165ns : qsl_rng_seed : 3133965575612453542\n",
            "\"pid\": 18662, \"tid\": 18662, \"ts\": 62165ns : sample_index_rng_seed : 665484352860916858\n",
            "\"pid\": 18662, \"tid\": 18662, \"ts\": 62165ns : schedule_rng_seed : 3622009729038561421\n",
            "\"pid\": 18662, \"tid\": 18662, \"ts\": 62165ns : accuracy_log_rng_seed : 0\n",
            "\"pid\": 18662, \"tid\": 18662, \"ts\": 62165ns : accuracy_log_probability : 0\n",
            "\"pid\": 18662, \"tid\": 18662, \"ts\": 62165ns : print_timestamps : false\n",
            "\"pid\": 18662, \"tid\": 18662, \"ts\": 62165ns : performance_issue_unique : false\n",
            "\"pid\": 18662, \"tid\": 18662, \"ts\": 62165ns : performance_issue_same : false\n",
            "\"pid\": 18662, \"tid\": 18662, \"ts\": 62165ns : performance_issue_same_index : 0\n",
            "\"pid\": 18662, \"tid\": 18662, \"ts\": 62165ns : performance_sample_count_override : 0\n",
            "\"pid\": 18662, \"tid\": 18662, \"ts\": 62165ns : \n",
            "\"pid\": 18662, \"tid\": 18662, \"ts\": 110923ns : Starting performance mode:\n",
            "\"pid\": 18662, \"tid\": 18662, \"ts\": 205791ns : Loading QSL : \"set\" : \"[961,348,364,445,952,574,900,362,473,115,303,471,52,243,216,240,420,595,505,936,117,790,143,959,102,534,717,665,475,323,683,777,170,937,736,580,699,331,906,744,161,259,389,573,697,174,885,61,175,482,520,789,690,376,857,36,758,421,945,453,964,541,874,861,689,455,847,514,263,916,743,807,943,53,816,865,486,823,698,288,355,845,127,859,954,427,299,1000,962,876,472,687,1018,951,456,975,826,570,599,587,613,136,59,449,1020,533,617,462,128,484,379,978,272,478,169,502,799,800,836,78,44,661,675,895,57,742,702,118,490,671,657,708,205,899,467,42,627,301,577,688,316,330,853,237,47,483,837,279,966,806,568,187,268,592,991,325,298,632,748,393,722,788,22,63,332,101,97,972,179,46,633,417,1010,95,909,822,883,191,282,18,193,608,56,158,989,351,710,377,798,278,183,739,381,380,69,436,602,339,155,831,89,925,399,307,84,575,911,314,965,768,848,596,11,554,403,711,494,264,233,983,365,969,992,636,296,803,443,17,5,489,99,1,849,144,180,926,100,516,757,353,224,499,728,785,897,792,112,222,808,591,236,696,447,81,598,747,552,571,538,726,252,24,623,560,867,149,732,515,852,96,979,132,725,271,150,506,137,756,276,424,3,537,880,469,9,206,394,386,733,875,905,253,753,834,306,986,204,416,830,468,387,546,818,463,995,812,309,108,955,556,241,588,20,220,223,40,529,692,347,891,290,701,868,413,600,14,582,405,426,153,273,228,397,33,123,706,973,480,190,542,662,67,122,791,435,977,466,157,277,680,607,437,1009,302,378,586,68,562,45,919,526,62,682,551,863,4,423,31,147,676,908,458,304,213,154,695,928,391,66,677,767,51,960,245,414,700,459,1016,801,653,357,974,814,524,49,327,734,593,765,877,176,121,572,949,828,341,511,890,933,930,200,1021,769,1011,827,513,498,610,407,601,643,619,248,503,754,383,536,370,527,373,651,0,113,125,907,199,23,655,382,15,60,146,745,444,111,257,265,635,659,902,134,879,621,492,1012,712,267,457,1015,530,476,508,507,866,106,239,578,438,48,219,795,762,356,746,862,124,215,90,549,838,956,308,163,776,368,884,559,418,55,349,167,177,970,622,851,779,460,184,392,522,126,921,208,129,409,160,41,408,470,454,846,491,780,71,181,434,641,465,755,198,820,815,620,93,637,440,982,709,510,305,2,284,352,401,766,539,545,932,1002,260,448,678,21,35,666,333,192,246,43,173,938,664,315,730,750,821,939,412,214,618,783,133,366,673,994,550,334,644,141,843,13,731,321,152,369,674,878,589,8,1001,519,131,287,171,30,999,741,735,297,663,721,235,672,544,26,707,817,903,164,244,496,547,881,581,787,75,518,404,148,1023,162,898,987,300,390,346,324,971,819,749,385,603,1013,805,189,997,912,764,274,139,73,650,858,262,226,103,738,642,809,944,479,32,481,771,135,946,186,452,326,359,844,1007,540,1003,151,337,563,652,232,230,286,410,929,19,781,645,896,624,178,104,654,1019,763,646,947,850,567,311,775,579,251,691,258,310,1022,188,322,727,778,968,338,656,229,639,329,869,156,892,76,110,25,422,509,631,626,354,261,12,864,285,172,109,813,584,625,28,50,280,74,948,793,441,609,474,182,37,668,557,873,796,988,493,1006,165,107,872,993,915,116,882,451,29,281,531,250,714,65,647,829,770,740,634,918,985,442,145,419,841,1014,649,201,166,835,523,98,130,612,893,411,914,291,871,114,283,681,703,605,590,963,388,254,395,924,500,319,958,432,429,384,950,553,833,888,658,202,402,83,694,87,119,528,720,313,80,367,249,604,344,64,934,729,10,782,810,751,231,318,212,91,294,6,168,227,77,941,289,842,840,525,517,693,360,16,328,561,980,431,685,825,275,497,343,629,597,984,159,1005,247,940,439,317,832,342,58,433,270,504,194,207,521,255,917,953,548,488,927,923,737,105,718,723,660,242,430,203,786,1008,910,86,398,724,679,555,811,855,340,704,195,719,464,839,998,336,140,39,886,889,981,34,532,209,363,566,564,976,185,887,375,669,784,558,804,996,374,406,569,27,82,238,312,638,501,667,197,85,120,797,759,585,92,345,684,922,630,802,935,487,616,461,7,583,293,371,611,234,218,485,942,715,670,292,256,70,221,543,774,396,713,142,72,372,512,217,856,931,79,705,225,535,320,450,425,361,269,904,628,773,640,901,295,54,495,990,576,88,477,94,210,957,400,211,196,772,752,894,615,760,594,761,266,335,860,358,686,350,716,138,446,1004,428,870,854,38,920,606,794,648,415,1017,967,913,824,565,614]\"\n",
            "\"pid\": 18662, \"tid\": 18662, \"ts\": 710026850ns : GeneratedQueries: \"queries\" : 12001, \"samples per query\" : 1, \"duration\" : 120010000000\n",
            "\"pid\": 18662, \"tid\": 18662, \"ts\": 506781174033ns : Ending naturally: Minimum query count and test duration met.\n",
            "\"pid\": 18662, \"tid\": 18662, \"ts\": 506789804226ns : Log Contention Counters:\n",
            "\"pid\": 18662, \"tid\": 18662, \"ts\": 506789804226ns : 0 : swap_request_slots_retry_count\n",
            "\"pid\": 18662, \"tid\": 18662, \"ts\": 506789804226ns : 0 : swap_request_slots_retry_retry_count\n",
            "\"pid\": 18662, \"tid\": 18662, \"ts\": 506789804226ns : 0 : swap_request_slots_retry_reencounter_count\n",
            "\"pid\": 18662, \"tid\": 18662, \"ts\": 506789804226ns : 0 : start_reading_entries_retry_count\n",
            "\"pid\": 18662, \"tid\": 18662, \"ts\": 506789804226ns : 0 : tls_total_log_cas_fail_count\n",
            "\"pid\": 18662, \"tid\": 18662, \"ts\": 506789804226ns : 0 : tls_total_swap_buffers_slot_retry_count\n",
            "\"pid\": 18662, \"tid\": 18662, \"ts\": 506789806170ns : POWER_BEGIN: \"mode\" : Performance, \"time\" : 10-12-2019 18:41:14.580\n",
            "\"pid\": 18662, \"tid\": 18662, \"ts\": 506789806170ns : POWER_END: \"mode\" : Performance, \"time\" : 10-12-2019 18:49:40.652\n"
          ],
          "summary": [
            "================================================\n",
            "MLPerf Results Summary\n",
            "================================================\n",
            "SUT name : TFLite_SUT\n",
            "Scenario : Single Stream\n",
            "Mode     : Performance\n",
            "90th percentile latency (ns) : 511207477\n",
            "Result is : VALID\n",
            "  Min duration satisfied : Yes\n",
            "  Min queries satisfied : Yes\n",
            "\n",
            "================================================\n",
            "Additional Stats\n",
            "================================================\n",
            "QPS w/ loadgen overhead         : 2.02\n",
            "QPS w/o loadgen overhead        : 2.02\n",
            "\n",
            "Min latency (ns)                : 457704782\n",
            "Max latency (ns)                : 547317878\n",
            "Mean latency (ns)               : 494168081\n",
            "50.00 percentile latency (ns)   : 493619457\n",
            "90.00 percentile latency (ns)   : 511207477\n",
            "95.00 percentile latency (ns)   : 517750895\n",
            "97.00 percentile latency (ns)   : 522618256\n",
            "99.00 percentile latency (ns)   : 528225226\n",
            "99.90 percentile latency (ns)   : 545791083\n",
            "\n",
            "================================================\n",
            "Test Parameters Used\n",
            "================================================\n",
            "samples_per_query : 1\n",
            "target_qps : 100\n",
            "target_latency (ns): 0\n",
            "max_async_queries : 1\n",
            "min_duration (ms): 60000\n",
            "max_duration (ms): 0\n",
            "min_query_count : 1024\n",
            "max_query_count : 0\n",
            "qsl_rng_seed : 3133965575612453542\n",
            "sample_index_rng_seed : 665484352860916858\n",
            "schedule_rng_seed : 3622009729038561421\n",
            "accuracy_log_rng_seed : 0\n",
            "accuracy_log_probability : 0\n",
            "print_timestamps : false\n",
            "performance_issue_unique : false\n",
            "performance_issue_same : false\n",
            "performance_issue_same_index : 0\n",
            "performance_sample_count : 1024\n",
            "\n",
            "No warnings encountered during test.\n",
            "\n",
            "No errors encountered during test.\n"
          ],
          "trace": {}
        },
        "parsed_summary": {
          "50.00 percentile latency (ns)": "493619457",
          "90.00 percentile latency (ns)": "511207477",
          "90th percentile latency (ns)": "511207477",
          "95.00 percentile latency (ns)": "517750895",
          "97.00 percentile latency (ns)": "522618256",
          "99.00 percentile latency (ns)": "528225226",
          "99.90 percentile latency (ns)": "545791083",
          "Max latency (ns)": "547317878",
          "Mean latency (ns)": "494168081",
          "Min duration satisfied": "Yes",
          "Min latency (ns)": "457704782",
          "Min queries satisfied": "Yes",
          "Mode": "Performance",
          "QPS w/ loadgen overhead": "2.02",
          "QPS w/o loadgen overhead": "2.02",
          "Result is": "VALID",
          "SUT name": "TFLite_SUT",
          "Scenario": "Single Stream",
          "accuracy_log_probability": "0",
          "accuracy_log_rng_seed": "0",
          "max_async_queries": "1",
          "max_duration (ms)": "0",
          "max_query_count": "0",
          "min_duration (ms)": "60000",
          "min_query_count": "1024",
          "performance_issue_same": "false",
          "performance_issue_same_index": "0",
          "performance_issue_unique": "false",
          "performance_sample_count": "1024",
          "print_timestamps": "false",
          "qsl_rng_seed": "3133965575612453542",
          "sample_index_rng_seed": "665484352860916858",
          "samples_per_query": "1",
          "schedule_rng_seed": "3622009729038561421",
          "target_latency (ns)": "0",
          "target_qps": "100"
        },
        "repeat": 1,
        "return_code": 0,
        "run_success": "yes",
        "run_success_bool": true,
        "total_execution_time": 0.0
      }
    }
  ],
  "choices": {
    "cmd_key": "default",
    "compile_type": "dynamic",
    "compiler_description_uoa": "gcc-7.1.0-auto",
    "compiler_flags": {
      "base_opt": "-O3"
    },
    "console": "",
    "cpu_freq": "max",
    "data_uoa": "image-classification-tflite-loadgen",
    "dataset_file": "",
    "device_id": "",
    "env": {
      "CK_CPU_FREQUENCY": "max",
      "CK_GPU_FREQUENCY": "max",
      "CK_LOADGEN_BUFFER_SIZE": "1024",
      "CK_LOADGEN_CONF_FILE": "../user.conf",
      "CK_LOADGEN_DATASET_SIZE": "1024",
      "CK_LOADGEN_MAX_DURATION_S": 0,
      "CK_LOADGEN_MODE": "PerformanceOnly",
      "CK_LOADGEN_OFFLINE_EXPECTED_QPS": 0,
      "CK_LOADGEN_SCENARIO": "SingleStream",
      "CK_LOADGEN_SUPPORT": "YES",
      "CK_LOADGEN_TRIGGER_COLD_RUN": "yes",
      "CK_RESULTS_DIR": "predictions",
      "CK_SKIP_IMAGES": 0,
      "CK_VERBOSE": "1"
    },
    "gpu_freq": "max",
    "host_os": "linux-32",
    "module_uoa": "b0ac08fe1d3c2615",
    "no_state_check": "yes",
    "repeat": 1,
    "skip_print_timers": "yes",
    "target": "",
    "target_os": "linux-32",
    "target_os_bits": "32"
  },
  "choices_order": [],
  "features": {
    "compiler_version": {
      "list": [
        8,
        3,
        0
      ],
      "raw": [
        "gcc-8 (Raspbian 8.3.0-6+rpi1) 8.3.0",
        "Copyright (C) 2018 Free Software Foundation, Inc.",
        "This is free software; see the source for copying conditions.  There is NO",
        "warranty; not even for MERCHANTABILITY or FITNESS FOR A PARTICULAR PURPOSE.",
        "",
        ""
      ],
      "str": "8.3.0"
    },
    "number_of_selected_compiler_flags": 1,
    "platform": {
      "cpu": {
        "all_freqs": {
          "0": [
            600000,
            1500000
          ],
          "1": [
            600000,
            1500000
          ],
          "2": [
            600000,
            1500000
          ],
          "3": [
            600000,
            1500000
          ]
        },
        "cpu_abi": "",
        "cpu_features": "half thumb fastmult vfp edsp neon vfpv3 tls vfpv4 idiva idivt vfpd32 lpae evtstrm crc32",
        "current_freq": {
          "0": 1500.0,
          "1": 1500.0,
          "2": 1500.0,
          "3": 1500.0
        },
        "max_freq": {
          "0": 1500.0,
          "1": 1500.0,
          "2": 1500.0,
          "3": 1500.0
        },
        "name": "BCM2835",
        "num_proc": "4",
        "sub_name": "ARMv7 Processor rev 3 (v7l)",
        "workload_automation": {
          "device_config": {
            "core_clusters": [
              0,
              0,
              0,
              1
            ],
            "core_names": [
              "ARMv7 Processor rev 3 (v7l)",
              "ARMv7 Processor rev 3 (v7l)",
              "ARMv7 Processor rev 3 (v7l)",
              "BCM2835"
            ]
          }
        }
      },
      "cpu_misc": {
        "0": {
          "BogoMIPS": "270.00",
          "CPU architecture": "7",
          "CPU implementer": "0x41",
          "CPU part": "0xd08",
          "CPU revision": "3",
          "CPU variant": "0x0",
          "Features": "half thumb fastmult vfp edsp neon vfpv3 tls vfpv4 idiva idivt vfpd32 lpae evtstrm crc32",
          "all_freqs": [
            "0",
            "0"
          ],
          "ck_cpu_name": "ARMv7 Processor rev 3 (v7l)",
          "ck_cpu_subname": "ARMv7 Processor rev 3 (v7l)",
          "cpu_features": "half thumb fastmult vfp edsp neon vfpv3 tls vfpv4 idiva idivt vfpd32 lpae evtstrm crc32",
          "cur_freq": 1500.0,
          "max_freq": 1500.0,
          "model name": "ARMv7 Processor rev 3 (v7l)",
          "processor": "0"
        },
        "1": {
          "BogoMIPS": "270.00",
          "CPU architecture": "7",
          "CPU implementer": "0x41",
          "CPU part": "0xd08",
          "CPU revision": "3",
          "CPU variant": "0x0",
          "Features": "half thumb fastmult vfp edsp neon vfpv3 tls vfpv4 idiva idivt vfpd32 lpae evtstrm crc32",
          "all_freqs": [
            "1",
            "1"
          ],
          "ck_cpu_name": "ARMv7 Processor rev 3 (v7l)",
          "ck_cpu_subname": "ARMv7 Processor rev 3 (v7l)",
          "cpu_features": "half thumb fastmult vfp edsp neon vfpv3 tls vfpv4 idiva idivt vfpd32 lpae evtstrm crc32",
          "cur_freq": 1500.0,
          "max_freq": 1500.0,
          "model name": "ARMv7 Processor rev 3 (v7l)",
          "processor": "1"
        },
        "2": {
          "BogoMIPS": "270.00",
          "CPU architecture": "7",
          "CPU implementer": "0x41",
          "CPU part": "0xd08",
          "CPU revision": "3",
          "CPU variant": "0x0",
          "Features": "half thumb fastmult vfp edsp neon vfpv3 tls vfpv4 idiva idivt vfpd32 lpae evtstrm crc32",
          "all_freqs": [
            "2",
            "2"
          ],
          "ck_cpu_name": "ARMv7 Processor rev 3 (v7l)",
          "ck_cpu_subname": "ARMv7 Processor rev 3 (v7l)",
          "cpu_features": "half thumb fastmult vfp edsp neon vfpv3 tls vfpv4 idiva idivt vfpd32 lpae evtstrm crc32",
          "cur_freq": 1500.0,
          "max_freq": 1500.0,
          "model name": "ARMv7 Processor rev 3 (v7l)",
          "processor": "2"
        },
        "3": {
          "BogoMIPS": "270.00",
          "CPU architecture": "7",
          "CPU implementer": "0x41",
          "CPU part": "0xd08",
          "CPU revision": "3",
          "CPU variant": "0x0",
          "Features": "half thumb fastmult vfp edsp neon vfpv3 tls vfpv4 idiva idivt vfpd32 lpae evtstrm crc32",
          "Hardware": "BCM2835",
          "Revision": "c03111",
          "Serial": "10000000dd4e839c",
          "all_freqs": [
            "3",
            "3"
          ],
          "ck_cpu_name": "BCM2835",
          "ck_cpu_subname": "ARMv7 Processor rev 3 (v7l)",
          "cpu_features": "half thumb fastmult vfp edsp neon vfpv3 tls vfpv4 idiva idivt vfpd32 lpae evtstrm crc32",
          "cur_freq": 1500.0,
          "max_freq": 1500.0,
          "model name": "ARMv7 Processor rev 3 (v7l)",
          "processor": "3"
        }
      },
      "cpu_new_format": "",
      "cpu_unique": [
        {
          "BogoMIPS": "270.00",
          "CPU architecture": "7",
          "CPU implementer": "0x41",
          "CPU part": "0xd08",
          "CPU revision": "3",
          "CPU variant": "0x0",
          "Features": "half thumb fastmult vfp edsp neon vfpv3 tls vfpv4 idiva idivt vfpd32 lpae evtstrm crc32",
          "all_freqs": [
            "0",
            "0"
          ],
          "ck_cpu_name": "ARMv7 Processor rev 3 (v7l)",
          "ck_cpu_subname": "ARMv7 Processor rev 3 (v7l)",
          "cpu_features": "half thumb fastmult vfp edsp neon vfpv3 tls vfpv4 idiva idivt vfpd32 lpae evtstrm crc32",
          "cur_freq": 1500.0,
          "max_freq": 1500.0,
          "model name": "ARMv7 Processor rev 3 (v7l)",
          "processor": "0"
        },
        {
          "BogoMIPS": "270.00",
          "CPU architecture": "7",
          "CPU implementer": "0x41",
          "CPU part": "0xd08",
          "CPU revision": "3",
          "CPU variant": "0x0",
          "Features": "half thumb fastmult vfp edsp neon vfpv3 tls vfpv4 idiva idivt vfpd32 lpae evtstrm crc32",
          "Hardware": "BCM2835",
          "Revision": "c03111",
          "Serial": "10000000dd4e839c",
          "all_freqs": [
            "3",
            "3"
          ],
          "ck_cpu_name": "BCM2835",
          "ck_cpu_subname": "ARMv7 Processor rev 3 (v7l)",
          "cpu_features": "half thumb fastmult vfp edsp neon vfpv3 tls vfpv4 idiva idivt vfpd32 lpae evtstrm crc32",
          "cur_freq": 1500.0,
          "max_freq": 1500.0,
          "model name": "ARMv7 Processor rev 3 (v7l)",
          "processor": "3"
        }
      ],
      "gpu": {
        "name": "",
        "vendor": ""
      },
      "gpu_misc": {},
      "os": {
        "abi": "armv7l",
        "bits": "32",
        "ck_os_base_uoa": "",
        "ck_os_uoa": "linux-32",
        "name": "Raspbian GNU/Linux 10 (buster)",
        "name_long": "Linux-4.19.66-v7l+-armv7l-with-debian-10.1",
        "name_short": "Linux 4.19.66",
        "serial_number": ""
      },
      "os_misc": {},
      "platform": {
        "model": "Raspberry Pi 4 Model B Rev 1.1\u0000",
        "name": "Raspberry (Raspberry Pi 4 Model B Rev 1.1\u0000)",
        "vendor": "Raspberry"
      },
      "platform_misc": {}
    },
    "statistical_repetitions": 1
  }
}
